NOM;SHORTCODE;PREFERREDCHANNEL;EMAIL;PHONE;STATUS
TESTLIV;1800;Email;risa@telma.mg;4002208;Active
L4004084;L4004084;Email;dsi.evc-comores@telma.mg;;Active
L4004118;L4004118;Email;dsi.evc-comores@telma.mg;;Active
TRZ4004310;TRZ4004310;Email;dsi.evc-comores@telma.mg;;Active
TSDOMONI;TS4007495;Email;asdjad.HOUSSEN@mvola.km;;Active
OrgRahisi;OrgRahisi;Email;dsi.evc-comores@telma.mg;;Active
MECKMUTSAMUDUSIEGE;TO4007476;Email;dsi.evc-comores@telma.mg;;Active
L4004227;L4004227;Email;dsi.evc-comores@telma.mg;;Active
MECKMUTSAMUDUSIEGE1;SA4007759;Email;dsi.evc-comores@telma.mg;;Active
TGRS4003429;TGRS4003429;Email;dsi.evc-comores@telma.mg;;Active
MECKFOUMBOUNI;TO4007533;Email;dsi.evc-comores@telma.mg;;Active
L4004225;L4004225;Email;dsi.evc-comores@telma.mg;;Active
BundleNetORG;BundleNetSC;Email;dsi.evc-comores@telma.mg;;Active
DJAMALILAYLI;AG4007579;Email;dsi.evc-comores@telma.mg;4007579;Active
RZ4004230;RZ4004230;Email;dsi.evc-comores@telma.mg;;Active
GRS4003381;GRS4003381;Email;dsi.evc-comores@telma.mg;;Active
L4004229;L4004229;Email;dsi.evc-comores@telma.mg;;Active
L4004232;L4004232;Email;dsi.evc-comores@telma.mg;;Active
LIV4004308;LIV4004308;Email;nolalaina.andriambololoson@telma.mg;;Active
ASSURANCECOURTAGEFINANCE;AG4008040;Email;dsi.evc-comores@telma.mg;;Active
shoponly;TSONLY;Email;dsi.evc-comores@telma.mg;;Active
TSVOLOVOLO;TS4006673;Email;asdjad.HOUSSEN@mvola.km;;Active
TSHQM;TS4006674;Email;asdjad.HOUSSEN@mvola.km;2694006674;Active
TSMUTSAMUD;TS4006676;Email;asdjad.HOUSSEN@mvola.km;;Active
MITSAMIHOULIYASSTORE;TS4006677;Email;asdjad.HOUSSEN@mvola.km;2694006677;Active
TSFOMBONI;TS4006678;Email;asdjad.HOUSSEN@mvola.km;;Active
TSCALTEX;TS4006679;Email;asdjad.HOUSSEN@mvola.km;;Active
TELMAORG;TELMAORG;Email;risa@telma.mg;;Active
TELMAAIRTIME;TELMAAIRTIME;Email;dsi.evc-comores@telma.mg;;Active
LIV18VI;1319;Email;dsi.evc-comores@telma.mg;;Active
SDGEG;TO4004309;Email;dsi.evc-comores@telma.mg;;Active
GRS4003369;GRS4003369;Email;dsi.evc-comores@telma.mg;;Active
SHOPTEST;TS4008954;Email;dsi.evc-comores@telma.mg;;Active
TELCOMONEY;AG4628420;Email;dsi.evc-comores@telma.mg;;Active
GRS4003382;GRS4003382;Email;dsi.evc-comores@telma.mg;;Active
RZ4004094;RZ4004094;Email;dsi.evc-comores@telma.mg;;Active
RZ4004246;RZ4004246;Email;dsi.evc-comores@telma.mg;;Active
MADIMOEGNE;AG4010121;Email;dsi.evc-comores@telma.mg;;Active
VOLOVOLOYASSTORE;TS4008277;Email;asdjad.HOUSSEN@mvola.km;;Active
ANISSEBOUNIANE;AG4011496;Email;dsi.evc-comores@telma.mg;;Active
TESTBWWBEXIMAVI;TS4007436;Email;dsi.evc-comores@telma.mg;;Active
TGRS4003354;TGRS4003354;Email;dsi.evc-comores@telma.mg;;Active
RZ4004167;RZ4004167;Email;dsi.evc-comores@telma.mg;;Active
TELCOSONELEC;TELCOSONELEC;Email;dsi.evc-comores@telma.mg;;Active
FAROUKOUMZEMBABA;AG4006384;Email;dsi.evc-comores@telma.mg;;Active
ABSOIRABDALLAHABSOIR;AG4010437;Email;dsi.evc-comores@telma.mg;;Active
ZAINABASOILIHIZAINA;AG4013429;Email;dsi.evc-comores@telma.mg;;Active
MIRSOIDIABDOU;AG4010220;Email;dsi.evc-comores@telma.mg;;Active
AHAMADADJADAOUIAHAMADA;AG4007303;Email;dsi.evc-comores@telma.mg;;Active
MOUSTOIFAMMADIMOINDZE;AG4006761;Email;dsi.evc-comores@telma.mg;;Active
ARDANEAHAMADIARDANE;AG4009192;Email;dsi.evc-comores@telma.mg;;Active
DAHALANEATHOUMANI;TS4006230;Email;dsi.evc-comores@telma.mg;;Active
FAHADALI;TS4006232;Email;dsi.evc-comores@telma.mg;;Active
HASSANIYOUSSOUF;TS4006157;Email;dsi.evc-comores@telma.mg;;Active
FAYSSOILAHMED;TS4005121;Email;dsi.evc-comores@telma.mg;;Active
HASSANIIBRAHIMHASSANI;AG4006030;Email;dsi.evc-comores@telma.mg;;Active
BluecornerShop;ME4010953;Email;dsi.evc-comores@telma.mg;;Active
YOUSSOUFATHOUMANIYOUSSOUF;AG4010680;Email;dsi.evc-comores@telma.mg;;Active
NAILATIAHAMDANAILATI;AG4013268;Email;dsi.evc-comores@telma.mg;;Active
MUSTOIHYOUSSOUFMUSTOIH;AG4005421;Email;dsi.evc-comores@telma.mg;;Active
INZOUDINENADJIDOU;AG4006050;Email;dsi.evc-comores@telma.mg;;Active
MOHAMEDABDOUMOHAMED;AG4013441;Email;dsi.evc-comores@telma.mg;;Active
MHOUMADIHADIDJAMHOUMADI;AG4005566;Email;dsi.evc-comores@telma.mg;;Active
HADIASAHONDRAHADIA;AG4005980;Email;dsi.evc-comores@telma.mg;;Active
ILIASSAMZEILIASSA;AG4007420;Email;dsi.evc-comores@telma.mg;;Active
OULFATAMMADIOULFATA;AG4006479;Email;dsi.evc-comores@telma.mg;;Active
MARIAMAALIBACAR;AG4010007;Email;dsi.evc-comores@telma.mg;;Active
ABTOIHIYOUSAIDALI;AG4007404;Email;dsi.evc-comores@telma.mg;;Active
DJAFFARALIISSA;AG4012824;Email;dsi.evc-comores@telma.mg;;Active
ATHOUMANIAHAMADAATHOUMANI;AG4006737;Email;dsi.evc-comores@telma.mg;;Active
org6;SA4006318;Email;dsi.evc-comores@telma.mg;;Active
TGRS4003392;TGRS4003392;Email;dsi.evc-comores@telma.mg;;Active
SOUONDIOUSSENI;AG4005870;Email;dsi.evc-comores@telma.mg;;Active
KASSUDADJANFAR;AG4006688;Email;dsi.evc-comores@telma.mg;;Active
MADICHARAFDINEMADI;AG4013152;Email;dsi.evc-comores@telma.mg;;Active
L4004080;L4004080;Email;dsi.evc-comores@telma.mg;;Active
Org33;TO4009522;Email;dsi.evc-comores@telma.mg;;Active
RZ4004122;RZ4004122;Email;dsi.evc-comores@telma.mg;;Active
NAOUFALBOURHANE;AG4007406;Email;dsi.evc-comores@telma.mg;;Active
ABDOULHASSANE;AG4006242;Email;dsi.evc-comores@telma.mg;;Active
TADJIMINEAHMED;AG4010443;Email;dsi.evc-comores@telma.mg;;Active
TGRS4003355;TGRS4003355;Email;dsi.evc-comores@telma.mg;;Active
TESTBWWBEXIMTSHOP;TS4007434;Email;dsi.evc-comores@telma.mg;;Active
L4004203;L4004203;Email;dsi.evc-comores@telma.mg;;Active
L4004207;L4004207;Email;dsi.evc-comores@telma.mg;;Active
TGRS4003394;TGRS4003394;Email;dsi.evc-comores@telma.mg;;Active
TGRS4003370;TGRS4003370;Email;dsi.evc-comores@telma.mg;;Active
RZ4004126;RZ4004126;Email;dsi.evc-comores@telma.mg;;Active
Oussam;TS4012210;Email;dsi.evc-comores@telma.mg;;Active
ANTHOUMANEMOUTUON;AG4006418;Email;dsi.evc-comores@telma.mg;;Active
INCHATIBINTIALLAOUI;AG4006410;Email;dsi.evc-comores@telma.mg;;Active
MCHANGAMAMOHAMEDMCHANGAMA;AG4013255;Email;dsi.evc-comores@telma.mg;;Active
HADIDJADJOUMOIHADIDJA;AG4005737;Email;dsi.evc-comores@telma.mg;;Active
MBAEALIMBAEALI;AG4006132;Email;dsi.evc-comores@telma.mg;;Active
DHOIRIFATIISSOUFFIDHOIRI;AG4006840;Email;dsi.evc-comores@telma.mg;;Active
YOUSSOUFMAHAMOUDYUSSOUF;AG4005552;Email;dsi.evc-comores@telma.mg;;Active
TSFOMBONI400;AG4006731;Email;dsi.evc-comores@telma.mg;;Active
TGRS4003396;TGRS4003396;Email;dsi.evc-comores@telma.mg;;Active
TGRS4003398;TGRS4003398;Email;dsi.evc-comores@telma.mg;;Active
Amed;TS4012211;Email;dsi.evc-comores@telma.mg;;Active
RAKIBOUIBRAHIM1;TS4010155;Email;dsi.evc-comores@telma.mg;;Active
DJANFARKASSUDA;AG4010123;Email;dsi.evc-comores@telma.mg;;Active
SOILIHICHAARANIHILMA;AG4010762;Email;dsi.evc-comores@telma.mg;;Active
GHOUFRANEABOUHOUSSENI;AG4007029;Email;dsi.evc-comores@telma.mg;;Active
ARLETTEIBRAHIM;AG4007381;Email;dsi.evc-comores@telma.mg;;Active
SHOPHQ400;AG4009398;Email;dsi.evc-comores@telma.mg;;Active
HAIRIDINECHARAFA;AG4005873;Email;dsi.evc-comores@telma.mg;;Active
RASOARIVELOEPAHAMEDLALAONIRINA;AG4008500;Email;dsi.evc-comores@telma.mg;;Active
AHMEDPAPAMBAE;ME4013421;Email;dsi.evc-comores@telma.mg;;Active
SARAANTISAIDSARA;AG4006619;Email;dsi.evc-comores@telma.mg;;Active
AHMEDKHATYBEAHMED;AG4012811;Email;dsi.evc-comores@telma.mg;;Active
YOUSSOUFALIYOUSSOUF;AG4009697;Email;dsi.evc-comores@telma.mg;;Active
RADJABOUHALIFARADJABOU;AG4005253;Email;dsi.evc-comores@telma.mg;;Active
DANIELISLAM2;AG4007067;Email;dsi.evc-comores@telma.mg;;Active
ALIABDOUSIDI1;TS4013400;Email;dsi.evc-comores@telma.mg;;Active
SHOPHQ;AG4010057;Email;dsi.evc-comores@telma.mg;;Active
MAHAMOUDALIISLAHI;AG4012354;Email;dsi.evc-comores@telma.mg;;Active
ISMAELMSAIDIEMOUSSA;AG4006137;Email;dsi.evc-comores@telma.mg;;Active
ALIMOURIDSAID;AG4013252;Email;dsi.evc-comores@telma.mg;;Active
MARIAMAYOUSSOUFMARIAMA;AG4007330;Email;dsi.evc-comores@telma.mg;;Active
MADIDJAMALMADI;AG4006725;Email;dsi.evc-comores@telma.mg;;Active
MMADIOMAR;AG4009975;Email;dsi.evc-comores@telma.mg;;Active
YOUSSOUFMMADIMOHAMED;AG4013200;Email;dsi.evc-comores@telma.mg;;Active
ATTOUMANIBENABDALLAH;AG4006847;Email;dsi.evc-comores@telma.mg;;Active
AHMEDABDOU;TS4006218;Email;dsi.evc-comores@telma.mg;;Active
CHARLOTTEMARIJANE;AG4010441;Email;dsi.evc-comores@telma.mg;;Active
HUMBLOTEVELINEREMOND;AG4012375;Email;dsi.evc-comores@telma.mg;;Active
MOIDJIEANRAFAT;AG4013150;Email;dsi.evc-comores@telma.mg;;Active
L4004202;L4004202;Email;dsi.evc-comores@telma.mg;;Active
L4004206;L4004206;Email;dsi.evc-comores@telma.mg;;Active
RZ4004244;RZ4004244;Email;dsi.evc-comores@telma.mg;;Active
TELCOCORIDOR;TELCOCORIDOR;Email;angela.ramiliharivelonoro@mvola.mg,diary.andrianay@telma.mg;;Active
Projetfiletssociaux;EN4012195;Email;dnafp@pfss-comores.org;2694012195;Active
DJOUMOIYOUSSOUF;AG4011770;Email;dsi.evc-comores@telma.mg;;Active
MAHAMOUDYAHAYA;AG4007288;Email;dsi.evc-comores@telma.mg;;Active
MERCHANTMDMOI;TO4000000;Email;dsi.evc-comores@telma.mg;;Active
BANQUETEST;SA4008955;Email;dsi.evc-comores@telma.mg;;Active
L4004240;L4004240;Email;dsi.evc-comores@telma.mg;;Active
ABACARSOUONDI;AG4010407;Email;dsi.evc-comores@telma.mg;;Active
MSOILIHACHIMIA;AG4007704;Email;dsi.evc-comores@telma.mg;;Active
DHANOUNESAINDOUDHAN;AG4010429;Email;dsi.evc-comores@telma.mg;;Active
MANSOURCHAKIR;AG4010531;Email;dsi.evc-comores@telma.mg;;Active
ABDOURAHAMANEALLAOUI;AG4005805;Email;dsi.evc-comores@telma.mg;;Active
DJANFARNAKIDI;AG4012365;Email;dsi.evc-comores@telma.mg;;Active
CHEIKHALIMOUSTOIFA;AG4010801;Email;dsi.evc-comores@telma.mg;;Active
CHARCANZEZOUBOUDOU;AG4013426;Email;dsi.evc-comores@telma.mg;;Active
AHAMADAMADIHAMADA;AG4005193;Email;dsi.evc-comores@telma.mg;;Active
HACHIMSAIDSOILIHMOHAMEDDJAWAD;AG4006193;Email;dsi.evc-comores@telma.mg;;Active
L4004095;L4004095;Email;dsi.evc-comores@telma.mg;;Active
ANRCHIDINEIBRAHIM;AG4011481;Email;dsi.evc-comores@telma.mg;;Active
LOUKMANEALIMOUMINE;AG4007701;Email;dsi.evc-comores@telma.mg;;Active
HASSANEAHAMADAHSS;AG4006354;Email;dsi.evc-comores@telma.mg;;Active
MOURADAHMEDKASSIM;AG4005770;Email;dsi.evc-comores@telma.mg;;Active
ALIBINTI;AG4011676;Email;dsi.evc-comores@telma.mg;;Active
TAISSIRIAHAMEDTAISSIRI;AG4005460;Email;dsi.evc-comores@telma.mg;;Active
MOINAHAMISSIDAOUDMADI;AG4006777;Email;dsi.evc-comores@telma.mg;;Active
ABDOURAHMANEIBRAHIMABDOU;AG4009060;Email;dsi.evc-comores@telma.mg;;Active
FATIMAMZEMOUIGNI;AG4005972;Email;dsi.evc-comores@telma.mg;;Active
MARIAMAMOUIGNIALI;AG4007296;Email;dsi.evc-comores@telma.mg;;Active
SANGAZAALIMSILIE;AG4006810;Email;dsi.evc-comores@telma.mg;;Active
OUNAYSYSMAEL1;AG4008300;Email;dsi.evc-comores@telma.mg;;Active
BOUTIQUEZARA;ME4012915;Email;dsi.evc-comores@telma.mg;;Active
BAKARIHOUSNATIBAKARI;AG4007276;Email;dsi.evc-comores@telma.mg;;Active
TGRS4003360;TGRS4003360;Email;dsi.evc-comores@telma.mg;;Active
GRS4003383;GRS4003383;Email;dsi.evc-comores@telma.mg;;Active
GRS4003418;GRS4003418;Email;dsi.evc-comores@telma.mg;;Active
LIV4004245;LIV4004245;Email;dsi.evc-comores@telma.mg;;Active
KELDIMOHAMED;TS4006251;Email;dsi.evc-comores@telma.mg;;Active
L4004215;L4004215;Email;dsi.evc-comores@telma.mg;;Active
L4004219;L4004219;Email;dsi.evc-comores@telma.mg;;Active
AHAMADAHASSANE;AG4010815;Email;dsi.evc-comores@telma.mg;;Active
MOUSTADRANEMAHAMOUD;AG4005512;Email;dsi.evc-comores@telma.mg;;Active
REHEMASAID;AG4006227;Email;dsi.evc-comores@telma.mg;;Active
ARMYAMOURIDIAR;AG4010824;Email;dsi.evc-comores@telma.mg;;Active
IDRISSEMOHAMEDIDRISSE;AG4007285;Email;dsi.evc-comores@telma.mg;;Active
ANRAFATMOUSSAANRAFAT;AG4005729;Email;dsi.evc-comores@telma.mg;;Active
FATIMAAHAMADAFATI;AG4013169;Email;dsi.evc-comores@telma.mg;;Active
NARNISSESAIDALI;AG4005462;Email;dsi.evc-comores@telma.mg;;Active
SOIFIAIBRAHIMMLAZEMA;AG4010804;Email;dsi.evc-comores@telma.mg;;Active
ANRIFANEBOINAANRIFANE;AG4010581;Email;dsi.evc-comores@telma.mg;;Active
ASMAHANEMHADJIASMA;AG4005057;Email;dsi.evc-comores@telma.mg;;Active
L4004210;L4004210;Email;dsi.evc-comores@telma.mg;;Active
KARIMMOHAMEDSAID1;TS4012214;Email;dsi.evc-comores@telma.mg;;Active
ALICHAMSSIDINEALI;AG4010404;Email;dsi.evc-comores@telma.mg;;Active
ZARDATMOUSSAZARDAT;AG4009920;Email;dsi.evc-comores@telma.mg;;Active
DJANFARNAKIDIDJANFAR;AG4013265;Email;dsi.evc-comores@telma.mg;;Active
ABDOUANZALIHAIRIA;AG4013177;Email;dsi.evc-comores@telma.mg;;Active
YOUSSOUFMOHAMEDSOILIHI;AG4005706;Email;dsi.evc-comores@telma.mg;;Active
MGOMRIMDJASSIRIABDEREMANE;AG4006027;Email;dsi.evc-comores@telma.mg;;Active
NASSURFAIZA;AG4008756;Email;dsi.evc-comores@telma.mg;;Active
ABIABDOUMMADI;AG4013214;Email;dsi.evc-comores@telma.mg;;Active
FATOUMIAHASSANI;AG4005109;Email;dsi.evc-comores@telma.mg;;Active
ALIBOINAHILAALI;AG4005598;Email;dsi.evc-comores@telma.mg;;Active
MOHAMEDHOUMADIMOHAMED;AG4005935;Email;dsi.evc-comores@telma.mg;;Active
ZAENMEDARKAOUIZAENME;AG4005861;Email;dsi.evc-comores@telma.mg;;Active
HASSANIMMADIHASSANI;AG4013190;Email;dsi.evc-comores@telma.mg;;Active
TGRS4003356;TGRS4003356;Email;dsi.evc-comores@telma.mg;;Active
NASSURDINEAHMEDABDOU;AG4013181;Email;dsi.evc-comores@telma.mg;;Active
HalimaMbarakaAbou;AG4005481;Email;dsi.evc-comores@telma.mg;;Active
COMBOAHAMEDD;AG4006883;Email;dsi.evc-comores@telma.mg;;Active
ABACARSOUOND;AG4005479;Email;dsi.evc-comores@telma.mg;;Active
MOHAMEDSAIDSAMIRAT;AG4010677;Email;dsi.evc-comores@telma.mg;;Active
DRHFITNESS;ME4013535;Email;dsi.evc-comores@telma.mg;;Active
BOINAIDIMMADI;AG4007287;Email;dsi.evc-comores@telma.mg;;Active
RACHIDAHMED;AG4006752;Email;dsi.evc-comores@telma.mg;;Active
FAOUZIASALIMFAOU;AG4006775;Email;dsi.evc-comores@telma.mg;;Active
ZAINROUATTOUMANE;AG4010572;Email;dsi.evc-comores@telma.mg;;Active
AHAMEDMALIDEAHAMED;AG4006415;Email;dsi.evc-comores@telma.mg;;Active
IBRAHIMYOUSSOUFALI;AG4010773;Email;dsi.evc-comores@telma.mg;;Active
SAANDATEBENSAID;AG4008589;Email;dsi.evc-comores@telma.mg;;Active
ALIISSIHAKAAHAMADA;AG4013500;Email;dsi.evc-comores@telma.mg;;Active
MOHAMEDRAFIKHMOHAMEDCHAKIR;AG4007729;Email;dsi.evc-comores@telma.mg;;Active
SOCIETEMADJOUANESARL;ME4012912;Email;dsi.evc-comores@telma.mg;;Active
ABDILLAHCOMBOABDILLAH;AG4007066;Email;dsi.evc-comores@telma.mg;;Active
ABDOUSALAMBENSAID;TS4006231;Email;dsi.evc-comores@telma.mg;;Active
ABOUBACARATHOUMANI;TS4006250;Email;dsi.evc-comores@telma.mg;;Active
ALIABDOU;TS4006155;Email;dsi.evc-comores@telma.mg;;Active
HOUMADIABDALLAH;TS4005198;Email;dsi.evc-comores@telma.mg;;Active
MARIAMAMDAHOMAMARI;AG4005733;Email;dsi.evc-comores@telma.mg;;Active
HADIDJAABDALLAH;AG4008711;Email;dsi.evc-comores@telma.mg;;Active
HASSANIISMAELSOUDJAY;AG4009382;Email;dsi.evc-comores@telma.mg;;Active
ALIMZEMBABA;TS4005840;Email;dsi.evc-comores@telma.mg;;Active
L4004213;L4004213;Email;dsi.evc-comores@telma.mg;;Active
DHOULFAKIRMadi;AG4010317;Email;dsi.evc-comores@telma.mg;;Active
TELMASHOPMOBIL2NGA;TS4007443;Email;dsi.evc-comores@telma.mg;;Active
L4004208;L4004208;Email;dsi.evc-comores@telma.mg;;Active
TGRS4003397;TGRS4003397;Email;dsi.evc-comores@telma.mg;;Active
RZ4004128;RZ4004128;Email;dsi.evc-comores@telma.mg;;Active
RZ4004173;RZ4004173;Email;dsi.evc-comores@telma.mg;;Active
ANFIALIDINAANFIA;AG4010702;Email;dsi.evc-comores@telma.mg;;Active
RZ4004178;RZ4004178;Email;dsi.evc-comores@telma.mg;;Active
ABDILLAHIMOHAMEDABDILLAHI;AG4005908;Email;dsi.evc-comores@telma.mg;;Active
FATIMAKATADE;AG4005471;Email;dsi.evc-comores@telma.mg;;Active
SAIDHACHIMKASSIM;AG4005970;Email;dsi.evc-comores@telma.mg;;Active
BACARABDOUIDJIHAD;AG4006808;Email;dsi.evc-comores@telma.mg;;Active
AWADICHARCANEABDEREMANE;AG4010807;Email;dsi.evc-comores@telma.mg;;Active
MOHAMEDAHMEDMOHAMED;AG4006356;Email;dsi.evc-comores@telma.mg;;Active
SAMIRIBRAHIMSAMIR;AG4006945;Email;dsi.evc-comores@telma.mg;;Active
AHAMDASAIDHASSANI;AG4006520;Email;dsi.evc-comores@telma.mg;;Active
ISMAELALIABDOU;AG4005498;Email;dsi.evc-comores@telma.mg;;Active
MNAMDJISOPHIE;AG4012152;Email;dsi.evc-comores@telma.mg;;Active
SAIDHAKIM;AG4012456;Email;dsi.evc-comores@telma.mg;;Active
HAMIDOUABDILLAH;AG4008200;Email;dsi.evc-comores@telma.mg;;Active
MARSADSAID;AG4005148;Email;dsi.evc-comores@telma.mg;;Active
RAHAMATAIDAROUSSESAIDOMAR;AG4013414;Email;dsi.evc-comores@telma.mg;;Active
NABAOUIYASAIDOMAR;AG4010869;Email;dsi.evc-comores@telma.mg;;Active
YASMINACHAMI;AG4010979;Email;dsi.evc-comores@telma.mg;;Active
DoubleV;ME4012909;Email;dsi.evc-comores@telma.mg;;Active
NOURDINEMOHAMEDNOUR;AG4006142;Email;dsi.evc-comores@telma.mg;;Active
MOHAMEDMISBAHOUHAMIDOU;AG4005054;Email;dsi.evc-comores@telma.mg;;Active
MOHAMEDMSOMAMOHAMED;AG4011801;Email;dsi.evc-comores@telma.mg;;Active
FESTIVALMEDINA0961;ME4010961;Email;dsi.evc-comores@telma.mg;;Active
SITTYANAABDOUMMADI;AG4005006;Email;dsi.evc-comores@telma.mg;;Active
ASIMATAALIABDOU;AG4006120;Email;dsi.evc-comores@telma.mg;;Active
NOURDINEMMADIDJOUNGA;TS4007367;Email;dsi.evc-comores@telma.mg;;Active
MOGNIDAHOARIMIA;AG4006951;Email;dsi.evc-comores@telma.mg;;Active
MOUSTAKIMAALIMOUDOU;AG4006273;Email;dsi.evc-comores@telma.mg;;Active
TSMUTSAMUDU400;AG4009393;Email;dsi.evc-comores@telma.mg;;Active
ABDOULFATAHSAIDOMAR;AG4005610;Email;dsi.evc-comores@telma.mg;;Active
SAIDAHMEDANTFATI;AG4012916;Email;dsi.evc-comores@telma.mg;;Active
MHOUDINEMADI;TS4005912;Email;dsi.evc-comores@telma.mg;;Active
ABDOULANZIZHAMZA;TS4005940;Email;dsi.evc-comores@telma.mg;;Active
FARIDATECOMBO;AG4011183;Email;dsi.evc-comores@telma.mg;;Active
TOILIHANIDJANFAR1;TS4011586;Email;dsi.evc-comores@telma.mg;;Active
L4004142;L4004142;Email;dsi.evc-comores@telma.mg;;Active
SAIDOMARMADIMLATAMOU;AG4005341;Email;dsi.evc-comores@telma.mg;;Active
MOHAMEDKAMALCHAMSIDINE;AG4007416;Email;dsi.evc-comores@telma.mg;;Active
NADIAABDOUAHAMADA;AG4005038;Email;dsi.evc-comores@telma.mg;;Active
NOURIASAIDMOHAMEDCHARIF;AG4006485;Email;dsi.evc-comores@telma.mg;;Active
BASTOINEMIKITADI;AG4008313;Email;dsi.evc-comores@telma.mg;;Active
TSCALTEX401;AG4012847;Email;dsi.evc-comores@telma.mg;;Active
MAHAMOUDYOUSSOUFMAHAMOUD;AG4008217;Email;dsi.evc-comores@telma.mg;;Active
ROUKIAISSIMAILAROUKIA;AG4011611;Email;dsi.evc-comores@telma.mg;;Active
ELHADAOUIMOHAMED;TS4005133;Email;dsi.evc-comores@telma.mg;;Active
MUTSAMUDUYASSTORE;TS4010501;Email;asdjad.HOUSSEN@mvola.km;;Active
TSHQM1;TS4008270;Email;asdjad.HOUSSEN@mvola.km;;Active
SAIDINEATTOUMANE;AG4009141;Email;dsi.evc-comores@telma.mg;;Active
KOURACHIAATTOUMANE;AG4005916;Email;dsi.evc-comores@telma.mg;;Active
FAROUKDJAFFAR;AG4007045;Email;dsi.evc-comores@telma.mg;;Active
DHANOUNEDAOUD;AG4006416;Email;dsi.evc-comores@telma.mg;;Active
ABOUBACARCHARIFSAID;AG4006745;Email;dsi.evc-comores@telma.mg;;Active
MOHAMEDAHAMAD;AG4005029;Email;dsi.evc-comores@telma.mg;;Active
SAANDIMMADISAANDI;AG4006348;Email;dsi.evc-comores@telma.mg;;Active
TSMUTSAMUDU401;AG4010056;Email;dsi.evc-comores@telma.mg;;Active
YOUSSOUFABDOUMMADIAZIR;AG4006371;Email;dsi.evc-comores@telma.mg;;Active
ISMAELMOUHOUDHOIRISMAEL;AG4009668;Email;dsi.evc-comores@telma.mg;;Active
ANTHOUMANEHOUMADIABDOU;AG4007415;Email;dsi.evc-comores@telma.mg;;Active
SAIDDINISAID;AG4005177;Email;dsi.evc-comores@telma.mg;;Active
FAOUZIAALISAID;AG4009968;Email;dsi.evc-comores@telma.mg;;Active
ALAMINECHEIKHAHMEDKARI;AG4005188;Email;dsi.evc-comores@telma.mg;;Active
AHAMADASAIDKOMBO;AG4009980;Email;dsi.evc-comores@telma.mg;;Active
TESTBWWBEXIMBANQUE;SA4007437;Email;dsi.evc-comores@telma.mg;;Active
NASSERAHAMED;TS4011249;Email;dsi.evc-comores@telma.mg;;Active
CHAHARMANEALIMOHAMED1;TS4010114;Email;dsi.evc-comores@telma.mg;;Active
CHAMOYNEAHMED;AG4011427;Email;dsi.evc-comores@telma.mg;;Active
ELHADJIOUSSENIELHADJI;AG4013438;Email;dsi.evc-comores@telma.mg;;Active
HADIDJADJAE;ME4011223;Email;dsi.evc-comores@telma.mg;;Active
TGRS4003395;TGRS4003395;Email;dsi.evc-comores@telma.mg;;Active
RZ4004127;RZ4004127;Email;dsi.evc-comores@telma.mg;;Active
RZ4004134;RZ4004134;Email;dsi.evc-comores@telma.mg;;Active
ROIHAMATISOULAMANA;AG4007033;Email;dsi.evc-comores@telma.mg;;Active
ABACARALI;AG4010588;Email;dsi.evc-comores@telma.mg;;Active
KOUSSOIYIROUSOULE;AG4006837;Email;dsi.evc-comores@telma.mg;;Active
ABASSIMMADIABASSI;AG4012782;Email;dsi.evc-comores@telma.mg;;Active
COMTECHMVOLA;TO4007541;Email;dsi.evc-comores@telma.mg;;Active
COMTECHINDEPENDANCE;TP4007478;Email;dsi.evc-comores@telma.mg;;Active
DHOIHIKATIDAHALANE;AG4006041;Email;dsi.evc-comores@telma.mg;;Active
LAYIMEAHMED;ME4010122;Email;dsi.evc-comores@telma.mg;;Active
ABDOULWAHIDSOILIHIAHAMADA;AG4012914;Email;dsi.evc-comores@telma.mg;;Active
SOILIHIISSIHAKA;AG4005296;Email;dsi.evc-comores@telma.mg;;Active
SALIMZEYYETSALIM;AG4005582;Email;dsi.evc-comores@telma.mg;;Active
MUHAMMAD;AG4010514;Email;dsi.evc-comores@telma.mg;;Active
L4004191;L4004191;Email;dsi.evc-comores@telma.mg;;Active
AbdallahBakari;TS4012212;Email;dsi.evc-comores@telma.mg;;Active
TS4006647;TS4006647;Email;dsi.evc-comores@telma.mg;;Active
COMTECHAEROPORT;TP4007477;Email;dsi.evc-comores@telma.mg;;Active
MECKMORONISIEGE;TO4007485;Email;dsi.evc-comores@telma.mg;;Active
MECKMORONISIEGE1;SA4007544;Email;dsi.evc-comores@telma.mg;;Active
MECKMORONISIEGE2;SA4007545;Email;dsi.evc-comores@telma.mg;;Active
MECKMORONIVOLOVOLO;SA4007546;Email;dsi.evc-comores@telma.mg;;Active
MECKMORONINTSOUDJINI;SA4007547;Email;dsi.evc-comores@telma.mg;;Active
YOUSSOUFBACO;ME4012913;Email;dsi.evc-comores@telma.mg;;Active
ALIAHAMADAALI;AG4010814;Email;dsi.evc-comores@telma.mg;;Active
TSDOMONI401;AG4010599;Email;dsi.evc-comores@telma.mg;;Active
MOUSTOIFASOUMAILAMOUSTOIFA;AG4011786;Email;dsi.evc-comores@telma.mg;;Active
HAIDATIRIZIKIHAIDA;AG4007383;Email;dsi.evc-comores@telma.mg;;Active
ABSOIRMOHAMEDSOULAIMANA;AG4010432;Email;dsi.evc-comores@telma.mg;;Active
KARIMAYOUSSOUFKARIMA;AG4007226;Email;dsi.evc-comores@telma.mg;;Active
YOUSSOUFMDAHOMAYOUSSOUF;AG4007314;Email;dsi.evc-comores@telma.mg;;Active
ANSIFATAHIMIDIANSI;AG4012814;Email;dsi.evc-comores@telma.mg;;Active
RZ4004138;RZ4004138;Email;dsi.evc-comores@telma.mg;;Active
LISSANYAAHAMED;AG4011408;Email;dsi.evc-comores@telma.mg;;Active
SOIFAOINESOUMAILA;AG4005917;Email;dsi.evc-comores@telma.mg;;Active
SAADISOUDJAY;AG4006114;Email;dsi.evc-comores@telma.mg;;Active
SONDIASOIBAHADDINE;AG4005508;Email;dsi.evc-comores@telma.mg;;Active
HADIDJAISMAELA;AG4006421;Email;dsi.evc-comores@telma.mg;;Active
ZALHATAABDOUASSOUMANI;AG4005644;Email;dsi.evc-comores@telma.mg;;Active
ANLIKATHAMIDJAMALILAILI;AG4005604;Email;dsi.evc-comores@telma.mg;;Active
ANMALDINEBACAR;AG4005416;Email;dsi.evc-comores@telma.mg;;Active
NOURIAAHAMADANOUR;AG4006257;Email;dsi.evc-comores@telma.mg;;Active
MARIESYOUSSOUFMARIE;AG4012727;Email;dsi.evc-comores@telma.mg;;Active
BOUCHOURADHOININI;AG4005489;Email;dsi.evc-comores@telma.mg;;Active
MOINAANLIASALIMABDALLAH;AG4010022;Email;dsi.evc-comores@telma.mg;;Active
MAHAMOUDMHOMAMAHAMOUD;AG4006735;Email;dsi.evc-comores@telma.mg;;Active
DAMIRKASSIM;TS4012864;Email;dsi.evc-comores@telma.mg;;Active
NASSURDINEBOINAMOIRABOU;AG4008166;Email;dsi.evc-comores@telma.mg;;Active
ABDOUROIHAMANESAIDHASSANE;AG4011246;Email;dsi.evc-comores@telma.mg;;Active
AHMEDTOIHAAHMED;AG4008763;Email;dsi.evc-comores@telma.mg;;Active
FATOUHIAATTOUMANIFATOU;AG4007671;Email;dsi.evc-comores@telma.mg;;Active
ABDOUROIHAMANEMOHAMEDABDOU;AG4006764;Email;dsi.evc-comores@telma.mg;;Active
HOUARDAEPSOILIHI;AG4006069;Email;dsi.evc-comores@telma.mg;;Active
TSDOMONI400;AG4006732;Email;dsi.evc-comores@telma.mg;;Active
NASLATIBOINANAS;AG4005580;Email;dsi.evc-comores@telma.mg;;Active
ABDOUMBAETOYBAMOHAMED;AG4009655;Email;dsi.evc-comores@telma.mg;;Active
AHMEDABDALLAHAHMED;AG4005012;Email;dsi.evc-comores@telma.mg;;Active
MOHAMEDSITTIHADIDJA;AG4010761;Email;dsi.evc-comores@telma.mg;;Active
AHAMADAALIASSOUMANI;AG4013439;Email;dsi.evc-comores@telma.mg;;Active
AICHATAHMEDSOULAIMANA;AG4013277;Email;dsi.evc-comores@telma.mg;;Active
CHAMCHOUNEALLAOUI;AG4007343;Email;dsi.evc-comores@telma.mg;;Active
DJAMALIDINEAHAMED;TS4005949;Email;dsi.evc-comores@telma.mg;;Active
ALIHASSANEMSOMA1;TS4013433;Email;dsi.evc-comores@telma.mg;;Active
ELAMINEMMADI;AG4012766;Email;dsi.evc-comores@telma.mg;;Active
FRANCHISESIMA;ME4008925;Email;dsi.evc-comores@telma.mg;;Active
MOHAMEDBACAROUMOURI;AG4010394;Email;dsi.evc-comores@telma.mg;;Active
MAOULIDAILHAMA;AG4006026;Email;dsi.evc-comores@telma.mg;;Active
YOUSSOUFHERI;AG4005027;Email;dsi.evc-comores@telma.mg;;Active
FATOUMIAMDAHOMAFATOU;AG4008430;Email;dsi.evc-comores@telma.mg;;Active
ROUKIAALIMOUIGNI;AG4012370;Email;dsi.evc-comores@telma.mg;;Active
AMDJADIYOUSSOUFAMDJAD;AG4005228;Email;dsi.evc-comores@telma.mg;;Active
NASMATAMOUIGNIAMANI;AG4007682;Email;dsi.evc-comores@telma.mg;;Active
CHIHABIDINIMOILIM;AG4005015;Email;dsi.evc-comores@telma.mg;;Active
FARIHATIGALFFANEFARIHAT;AG4013443;Email;dsi.evc-comores@telma.mg;;Active
FATIMAOUSSENIFATI;AG4005454;Email;dsi.evc-comores@telma.mg;;Active
AHMEDMMADIAHMED;AG4008872;Email;dsi.evc-comores@telma.mg;;Active
AMDJADMAOULIDAAMDJAD;AG4009690;Email;dsi.evc-comores@telma.mg;;Active
ELAMINEBOURHANE;AG4009013;Email;dsi.evc-comores@telma.mg;;Active
HAFIDHOIISSAIBRAHIM;AG4010759;Email;dsi.evc-comores@telma.mg;;Active
FATIMAIBRAHIM;AG4011687;Email;dsi.evc-comores@telma.mg;;Active
HASSANEYOUSSOUFHASSANE;AG4006390;Email;dsi.evc-comores@telma.mg;;Active
YOUSSOUFKAMILYOUSSOUF;AG4006906;Email;dsi.evc-comores@telma.mg;;Active
MAOULIDAASSOUMANIMAOU;AG4006159;Email;dsi.evc-comores@telma.mg;;Active
DHAHABIBOUROI;AG4005256;Email;dsi.evc-comores@telma.mg;;Active
FATIMAYSSF;AG4010337;Email;dsi.evc-comores@telma.mg;;Active
MOUSSAMBAE;TS4755761;Email;dsi.evc-comores@telma.mg;;Active
GRS4003407;GRS4003407;Email;dsi.evc-comores@telma.mg;;Active
CHOUANIBMZE;AG4009093;Email;dsi.evc-comores@telma.mg;;Active
ANTUFIATALI;AG4010650;Email;dsi.evc-comores@telma.mg;;Active
BINTISAID;AG4012734;Email;dsi.evc-comores@telma.mg;;Active
ENCAISSEMENTENTREPRISE;EN4007441;Email;drc.comores@telma.km;2694007441;Active
MOUSSAABDOUHADJI;AG4013444;Email;dsi.evc-comores@telma.mg;;Active
DHAHABOUIBRAHIMDHAHABOU;AG4006569;Email;dsi.evc-comores@telma.mg;;Active
RAFIDAALIHOUMADI;AG4015641;Email;dsi.evc-comores@telma.mg;;Active
FREELANCER7;AG4015640;Email;dsi.evc-comores@telma.mg;;Active
ALIIBRAHIMALI;AG4010604;Email;dsi.evc-comores@telma.mg;;Active
ASSIMAHANIHASSANIASIMA;AG4007227;Email;dsi.evc-comores@telma.mg;;Active
ARBABIDINEMOHAMEDYOUSSOUF;AG4008410;Email;dsi.evc-comores@telma.mg;;Active
MOHAMEDSOIDROUDINE;AG4010031;Email;dsi.evc-comores@telma.mg;;Active
TOYIFIAMBARAKAHAMISSI;AG4010255;Email;dsi.evc-comores@telma.mg;;Active
DJAZAAHMEDAHMED1;AG4010259;Email;dsi.evc-comores@telma.mg;;Active
FFRANCHISENIOUMACHIOI;AG4010207;Email;dsi.evc-comores@telma.mg;;Active
OUILDANIAMIRTOIBIBOU01;ME4010208;Email;dsi.evc-comores@telma.mg;;Active
FREELANCEUR;AG4004580;Email;dsi.evc-comores@telma.mg;;Active
SOUMAILAISSOUF;AG4007040;Email;dsi.evc-comores@telma.mg;;Active
HOAREAUISABELLEMARIERITA;ME4003451;Email;dsi.evc-comores@telma.mg;;Active
CHAHERSAMNOUNE;AG4004937;Email;dsi.evc-comores@telma.mg;;Active
ALIANIMOUSSA01;AG4009721;Email;dsi.evc-comores@telma.mg;;Active
MOINSITTINAMBAPANDZA;AG4009742;Email;dsi.evc-comores@telma.mg;;Active
IRCHADSOIFFOUDINE;AG4004998;Email;dsi.evc-comores@telma.mg;;Active
FATOUMAMOHAMEDALI;AG4009827;Email;dsi.evc-comores@telma.mg;;Active
ABDOULATUFYOUKINA;AG4004329;Email;dsi.evc-comores@telma.mg;;Active
L4004211;L4004211;Email;dsi.evc-comores@telma.mg;;Active
MOINAECHAHASSANIATHOUMAN;AG4013455;Email;dsi.evc-comores@telma.mg;;Active
KALADIANLIAKALADI;AG4013457;Email;dsi.evc-comores@telma.mg;;Active
BOINAMMADIBOINA;AG4009337;Email;dsi.evc-comores@telma.mg;;Active
NAHERABDOUNAHER67;AG4006767;Email;dsi.evc-comores@telma.mg;;Active
HASSANTIHAMIDOU34;AG4007234;Email;dsi.evc-comores@telma.mg;;Active
DHAHABIAYOUSSOUFSAIDALI;AG4013465;Email;dsi.evc-comores@telma.mg;;Active
SAIDAHMEDANLIHOUMADI;AG4006074;Email;dsi.evc-comores@telma.mg;;Active
AICHASAIDALI;AG4013520;Email;dsi.evc-comores@telma.mg;;Active
ANSSUFFUINEALLAOUI;AG4005447;Email;dsi.evc-comores@telma.mg;;Active
AMINATAMOURIDI;AG4011881;Email;dsi.evc-comores@telma.mg;;Active
FAIDATABDALLAH;AG4003527;Email;dsi.evc-comores@telma.mg;;Active
TOIHARDINEMALIDE;AG4013872;Email;dsi.evc-comores@telma.mg;;Active
FRANCHISEWANANI;ME4010206;Email;dsi.evc-comores@telma.mg;;Active
NASRINEAHMEDALI;AG4004797;Email;dsi.evc-comores@telma.mg;;Active
BENSALIMMOULAYE;AG4004844;Email;dsi.evc-comores@telma.mg;;Active
RAISSAALI98RAISSA98;AG4009736;Email;dsi.evc-comores@telma.mg;;Active
AHMEDTADHIKIRATSAID;AG4009793;Email;dsi.evc-comores@telma.mg;;Active
ECHATASAIDABDOU;AG4009844;Email;dsi.evc-comores@telma.mg;;Active
KARAMADJABIR;AG4004980;Email;dsi.evc-comores@telma.mg;;Active
NASSURIAAHMED1;AG4004879;Email;dsi.evc-comores@telma.mg;;Active
AHMEDPAPA1;AG4004693;Email;dsi.evc-comores@telma.mg;;Active
boutiqueahmedyoussouf;ME4012984;Email;dsi.evc-comores@telma.mg;;Active
ANNYMHADJI;ME4012986;Email;dsi.evc-comores@telma.mg;;Active
FranchisedeKalyptus;AG4012665;Email;dsi.evc-comores@telma.mg;;Active
MOGNIDAHOMOHAMEDSOULE;AG4012605;Email;dsi.evc-comores@telma.mg;;Active
SULTANZARKACHE;AG4004735;Email;dsi.evc-comores@telma.mg;;Active
ENTREPRISEMOMDBODUIGOG;TO4009506;Email;dsi.evc-comores@telma.mg;;Active
TESTANIMATEURRMCASH;TS4005658;Email;dsi.evc-comores@telma.mg;;Active
RADJABALI;TS4005882;Email;dsi.evc-comores@telma.mg;;Active
ABDOULLHALIMSAID;TS4005934;Email;dsi.evc-comores@telma.mg;;Active
ARMILLEBOURHANE;TS4005120;Email;dsi.evc-comores@telma.mg;;Active
TELMASHOPMOBIL1NGA;TS4007442;Email;dsi.evc-comores@telma.mg;;Active
SADDAMMOHAMED;TS4005836;Email;dsi.evc-comores@telma.mg;;Active
FAROUCKBOINAIDHASSANE;TS4005122;Email;dsi.evc-comores@telma.mg;;Active
AHAMADAABDOULHAMID;TS4006526;Email;dsi.evc-comores@telma.mg;;Active
AHMEDALICHANFI;TS4006252;Email;dsi.evc-comores@telma.mg;;Active
MARSSADIMOHAMED;TS4005938;Email;dsi.evc-comores@telma.mg;;Active
IDRISSSAIDBACAR1;TS4005926;Email;dsi.evc-comores@telma.mg;;Active
FARIDSAIDALI;TS4005242;Email;dsi.evc-comores@telma.mg;;Active
BADROUDINEABDOU;TS4005784;Email;dsi.evc-comores@telma.mg;;Active
TELMASHOPMOBIL3NGA;TS4007444;Email;dsi.evc-comores@telma.mg;;Active
CALTEXYASSTORE;TS4012100;Email;asdjad.HOUSSEN@mvola.km;;Active
TELMASHOPMOBIL4MOH;TS4008629;Email;dsi.evc-comores@telma.mg;;Active
FREELANCEURAMALE;AG4013977;Email;dsi.evc-comores@telma.mg;;Active
HASSANTIHAMIDOUHASSANATI;AG4010004;Email;dsi.evc-comores@telma.mg;;Active
ACHIFAONMADIATTOUMANE;AG4010227;Email;dsi.evc-comores@telma.mg;;Active
ANIMATEURTEST;TS4006499;Email;dsi.evc-comores@telma.mg;;Active
HAOULATHANIMOHAMEDHAOU;AG4013460;Email;dsi.evc-comores@telma.mg;;Active
SAIDMOUZEWADAANE;AG4005968;Email;dsi.evc-comores@telma.mg;;Active
MOHAMEDHOUMADMED;AG4006413;Email;dsi.evc-comores@telma.mg;;Active
ISMAELSAIDISMAEL;AG4005218;Email;dsi.evc-comores@telma.mg;;Active
FAIZATIALIFAIZAT;AG4011771;Email;dsi.evc-comores@telma.mg;;Active
ABDEREMANEIBRAHIM92;AG4012692;Email;dsi.evc-comores@telma.mg;;Active
MOHAMEDSOULAIMANA75;AG4013475;Email;dsi.evc-comores@telma.mg;;Active
MARIEYOUSSOUF76;AG4013476;Email;dsi.evc-comores@telma.mg;;Active
ZAINOUDINEABDOULKARIM36;AG4005536;Email;dsi.evc-comores@telma.mg;;Active
MARIAMAHAMIDOU79;AG4013479;Email;dsi.evc-comores@telma.mg;;Active
FARZATABDALLAH5;AG4010855;Email;dsi.evc-comores@telma.mg;;Active
AHAMADAHADJI82;AG4013482;Email;dsi.evc-comores@telma.mg;;Active
ABDOURAOUFAHMED17;AG4005817;Email;dsi.evc-comores@telma.mg;;Active
SITTYALAHOUI;AG4006548;Email;dsi.evc-comores@telma.mg;;Active
MARIATAAHMED;AG4012362;Email;dsi.evc-comores@telma.mg;;Active
DJAMILADJAMAL;AG4006863;Email;dsi.evc-comores@telma.mg;;Active
DANIELOUBADMAHAMOUD;AG4013908;Email;dsi.evc-comores@telma.mg;;Active
MIDDYESAIDABDALLAH;AG4010996;Email;dsi.evc-comores@telma.mg;;Active
NOURDINEABDOUTOIHA;AG4011903;Email;dsi.evc-comores@telma.mg;;Active
ABDOULHAKIMMMADI;AG4012026;Email;dsi.evc-comores@telma.mg;;Active
FATIMAMDERE;ME4004357;Email;dsi.evc-comores@telma.mg;;Active
ASMAIDADAOU;AG4013968;Email;dsi.evc-comores@telma.mg;;Active
MOUSSAAHMEED;AG4013944;Email;dsi.evc-comores@telma.mg;;Active
SAENDOUCOMBO;AG4006180;Email;dsi.evc-comores@telma.mg;;Active
SHARDAMZEHAMADI;AG4013508;Email;dsi.evc-comores@telma.mg;;Active
HOULOUFATIMADIMOEGNE86;AG4010186;Email;dsi.evc-comores@telma.mg;;Active
OPTIQUEBOUTIQUE;ME4012923;Email;dsi.evc-comores@telma.mg;;Active
ECHATSALIM31;AG4009231;Email;dsi.evc-comores@telma.mg;;Active
EPICERIETHIAM;ME4012920;Email;dsi.evc-comores@telma.mg;;Active
EPICERITHIAM;AG4012921;Email;dsi.evc-comores@telma.mg;;Active
ASSIATAMOHAMED04;AG4012804;Email;dsi.evc-comores@telma.mg;;Active
ALISOILIHI73;AG4013273;Email;dsi.evc-comores@telma.mg;;Active
BADRANEMOHAMED;AG4013951;Email;dsi.evc-comores@telma.mg;;Active
CABINETITIBARAICHAM;ME4012926;Email;dsi.evc-comores@telma.mg;;Active
CHAZOUSARL;AG4012931;Email;dsi.evc-comores@telma.mg;;Active
NIDHOIMABDOU03;AG4013903;Email;dsi.evc-comores@telma.mg;;Active
ANLIAHAMADA2;AG4013949;Email;dsi.evc-comores@telma.mg;;Active
OLYMPICDEMORONIPC;ME4012953;Email;dsi.evc-comores@telma.mg;;Active
AZHARMOUSSA;AG4012080;Email;dsi.evc-comores@telma.mg;;Active
NATIDJAALIKARANI;AG4012078;Email;dsi.evc-comores@telma.mg;;Active
ELYTISMITSAMIOULI;ME4012976;Email;dsi.evc-comores@telma.mg;;Active
RAISASSANIOILI;AG4010856;Email;dsi.evc-comores@telma.mg;;Active
SIMTESTAVI;TS4012961;Email;dsi.evc-comores@telma.mg;;Active
AGRMKAZI;ME4013037;Email;dsi.evc-comores@telma.mg;;Active
HADIABACAR;ME4013042;Email;dsi.evc-comores@telma.mg;;Active
ABDOULHAMIDABIDHAR1;TS4013869;Email;dsi.evc-comores@telma.mg;;Active
YASSMINEATTOUMANE;AG4011010;Email;dsi.evc-comores@telma.mg;;Active
MONMODMALEKABANOU;AG4009806;Email;dsi.evc-comores@telma.mg;;Active
SITTIANFOUOI;AG4013254;Email;dsi.evc-comores@telma.mg;;Active
ISMAILMCHINDA98;AG4009836;Email;dsi.evc-comores@telma.mg;;Active
KASSIMIBRAHIM96;AG4009835;Email;dsi.evc-comores@telma.mg;;Active
SAIDDJAMBAE90;AG4009842;Email;dsi.evc-comores@telma.mg;;Active
NOUZOUHATIMOUSSA;AG4004878;Email;dsi.evc-comores@telma.mg;;Active
MARIAMAAHMEDSOILIH1;AG4004526;Email;dsi.evc-comores@telma.mg;;Active
NASSRATMOHAMED1;AG4004659;Email;dsi.evc-comores@telma.mg;;Active
HAMADIOMAR1;AG4004529;Email;dsi.evc-comores@telma.mg;;Active
BARAKATECOUTUREPATISSERIE;ME4013051;Email;dsi.evc-comores@telma.mg;;Active
MLEDJELE;ME4012971;Email;dsi.evc-comores@telma.mg;;Active
KUMBARA;ME4012970;Email;dsi.evc-comores@telma.mg;;Active
FAYDATIYAHOUDHOI;AG4013919;Email;dsi.evc-comores@telma.mg;;Active
ZAINABAMBECHEZY;AG4012662;Email;dsi.evc-comores@telma.mg;;Active
IBRAHIMMOHAMED1;TS4010212;Email;dsi.evc-comores@telma.mg;;Active
DJALALIDINEAHMED1;AG4010434;Email;dsi.evc-comores@telma.mg;;Active
FAIZAABDOUBOINALI;AG4004746;Email;dsi.evc-comores@telma.mg;;Active
BENSAIDATTOUMANE;TS4013025;Email;dsi.evc-comores@telma.mg;;Active
ALLAOUIALISAID;TS4013026;Email;dsi.evc-comores@telma.mg;;Active
BARAKAALIHAMID85;AG4004798;Email;dsi.evc-comores@telma.mg;;Active
RASTAIDATMOHAMED01;AG4004788;Email;dsi.evc-comores@telma.mg;;Active
HOMAFAMILY;ME4003467;Email;dsi.evc-comores@telma.mg;;Active
ABDALLAHROUFKATI;AG4010991;Email;dsi.evc-comores@telma.mg;;Active
WANAS;ME4013006;Email;dsi.evc-comores@telma.mg;;Active
HidayaCash;AG4013879;Email;dsi.evc-comores@telma.mg;;Active
ANTUAATHOUMANI30;AG4011930;Email;dsi.evc-comores@telma.mg;;Active
SAVEURDESILES;ME4011234;Email;dsi.evc-comores@telma.mg;;Active
SHOPB2BKAVOKAIVOPC;ME4012020;Email;dsi.evc-comores@telma.mg;;Active
MOHAMEDMOUIGNI22;AG4011922;Email;dsi.evc-comores@telma.mg;;Active
SITTIBENSOILIHI;AG4013585;Email;dsi.evc-comores@telma.mg;;Active
RESTAURANTASSIATA;ME4012943;Email;dsi.evc-comores@telma.mg;;Active
ZAIDOUABDOU56;AG4013956;Email;dsi.evc-comores@telma.mg;;Active
DJASMIALIMRADJI;AG4007143;Email;dsi.evc-comores@telma.mg;;Active
DJOUMOIMOUSSA11;AG4006011;Email;dsi.evc-comores@telma.mg;;Active
SHOPAEROPORTPDVPM;AG4012948;Email;dsi.evc-comores@telma.mg;;Active
SAIDYAHAYASOILIHI;AG4007306;Email;dsi.evc-comores@telma.mg;;Active
NADJIMIBRAHIMASSANE;AG4010309;Email;dsi.evc-comores@telma.mg;;Active
FREELANCEURANOURAKI;AG4013975;Email;dsi.evc-comores@telma.mg;;Active
ABOUBACARSUDIKIYOUSSOUFAAVILAZA;AG4005069;Email;dsi.evc-comores@telma.mg;;Active
YVANIGSARLU;AG4013860;Email;dsi.evc-comores@telma.mg;;Active
MOHAMEDSOUMETH;AG4013450;Email;dsi.evc-comores@telma.mg;;Active
NASSILAYOUSSOUFMMADI;AG4012030;Email;dsi.evc-comores@telma.mg;;Active
PAPABOURHANE;AG4013990;Email;dsi.evc-comores@telma.mg;;Active
SAIDBACARYOUSSOUF51;AG4008551;Email;dsi.evc-comores@telma.mg;;Active
AHAMEDHAMZA30;AG4005030;Email;dsi.evc-comores@telma.mg;;Active
TOIOUYANEABACAR97;AG4013897;Email;dsi.evc-comores@telma.mg;;Active
ABDERAMANEAHMEDNABIL;AG4011729;Email;dsi.evc-comores@telma.mg;;Active
ABDOULATUFSAINDOU;AG4005215;Email;dsi.evc-comores@telma.mg;;Active
MOUSLIMSOULAIMANA;AG4013929;Email;dsi.evc-comores@telma.mg;;Active
MOHAMEDALIBACAR;AG4011910;Email;dsi.evc-comores@telma.mg;;Active
HAMIDOUBACAR50;AG4006350;Email;dsi.evc-comores@telma.mg;;Active
ALIATTOUMANE08;AG4006408;Email;dsi.evc-comores@telma.mg;;Active
ABDOURAOUFAHMED60;AG4013960;Email;dsi.evc-comores@telma.mg;;Active
ZARAHOTELOASIS;ME4012937;Email;dsi.evc-comores@telma.mg;;Active
ADRACHILOUTFI32;AG4013932;Email;dsi.evc-comores@telma.mg;;Active
HALIMAALISAID;AG4011894;Email;dsi.evc-comores@telma.mg;;Active
NAIMAAHMEDABDOU82;AG4013882;Email;dsi.evc-comores@telma.mg;;Active
FATIMAALIAROUSSI;AG4004989;Email;dsi.evc-comores@telma.mg;;Active
IBRAHIMMOUHDINE1;AG4004770;Email;dsi.evc-comores@telma.mg;;Active
IBRAHIMKADERIBRAHIM;AG4012083;Email;dsi.evc-comores@telma.mg;;Active
DJAMADARSOUFOUNI;AG4010189;Email;dsi.evc-comores@telma.mg;;Active
ALNAABDEREMANE;AG4011988;Email;dsi.evc-comores@telma.mg;;Active
YAMINYOUSSOUFTAMIMOU99;AG4011775;Email;dsi.evc-comores@telma.mg;;Active
SAMRADAAHMED96;AG4012655;Email;dsi.evc-comores@telma.mg;;Active
ZAKARIAABDALLAH1;AG4013918;Email;dsi.evc-comores@telma.mg;;Active
IBRAHIMMOHAMED3;AG4011936;Email;dsi.evc-comores@telma.mg;;Active
FATIMADAOUD;AG4004736;Email;dsi.evc-comores@telma.mg;;Active
ASSILANIAHAMADI;AG4013673;Email;dsi.evc-comores@telma.mg;;Active
AliSoilihiAnoura;AG4003466;Email;dsi.evc-comores@telma.mg;;Active
BASOIRSOULAIMANA;AG4004915;Email;dsi.evc-comores@telma.mg;;Active
YOUSSOUFSOIDIKI1;AG4009748;Email;dsi.evc-comores@telma.mg;;Active
SAIDABDALLAHHADIDJA;AG4009711;Email;dsi.evc-comores@telma.mg;;Active
YOUSSOUFALIYOUSSOUF1;AG4009809;Email;dsi.evc-comores@telma.mg;;Active
DJAWADABDALLAH1;ME4009805;Email;dsi.evc-comores@telma.mg;;Active
DHAKOINEAHMED;AG4013969;Email;dsi.evc-comores@telma.mg;;Active
MOINOUROUMOINDJIE;AG4011855;Email;dsi.evc-comores@telma.mg;;Active
HAFIKAPAPACOMBO;AG4004562;Email;dsi.evc-comores@telma.mg;;Active
MISBAHOUSAID93;AG4004320;Email;dsi.evc-comores@telma.mg;;Active
FARGALABDEREMANE;AG4004669;Email;dsi.evc-comores@telma.mg;;Active
DHOIHAROUDINEALIMOHAMEDALI1;ME4010268;Email;dsi.evc-comores@telma.mg;;Active
COMMISSIONVENTE;TS4004700;Email;Foudhoiyla.MOUSSA@telma.km;;Active
AHAMADISAID72;AG4004904;Email;dsi.evc-comores@telma.mg;;Active
ECHATAHASSANI72;AG4003495;Email;dsi.evc-comores@telma.mg;;Active
NAIMATADJOU04;AG4004815;Email;dsi.evc-comores@telma.mg;;Active
ANTIKABDALLAH91;AG4004816;Email;dsi.evc-comores@telma.mg;;Active
ADORECOMORES;ME4003443;Email;dsi.evc-comores@telma.mg;;Active
MOURTADHOIFAHARDINE;AG4009722;Email;dsi.evc-comores@telma.mg;;Active
HADIDJAIBRAHIM20;AG4013675;Email;dsi.evc-comores@telma.mg;;Active
ARLINHOUMADI;AG4004876;Email;dsi.evc-comores@telma.mg;;Active
ABDOURAHIMKARANIMSOILI;AG4009788;Email;dsi.evc-comores@telma.mg;;Active
FREELANCEURCHAMSIAALI;AG4009848;Email;dsi.evc-comores@telma.mg;;Active
KADAFIATHOUMANI;AG4004634;Email;dsi.evc-comores@telma.mg;;Active
AHMEDSOIBAHAMDERE1;AG4010160;Email;dsi.evc-comores@telma.mg;;Active
ABDALLAHTOIHOUIA;AG4004951;Email;dsi.evc-comores@telma.mg;;Active
FAISSOILIBOINA1;AG4004429;Email;dsi.evc-comores@telma.mg;;Active
ZARIATISAIDMNEMOI;AG4004257;Email;dsi.evc-comores@telma.mg;;Active
ABDILLAHYOUSSOUF1;AG4009094;Email;dsi.evc-comores@telma.mg;;Active
ANCHOURAASSULANE;AG4010250;Email;dsi.evc-comores@telma.mg;;Active
HAIDHOITIATTOUMANE;AG4004625;Email;dsi.evc-comores@telma.mg;;Active
ANCHOUROIATTOUMANISALIM;AG4004678;Email;dsi.evc-comores@telma.mg;;Active
ECHATAALII1;AG4004557;Email;dsi.evc-comores@telma.mg;;Active
DANIAALIAMIR;AG4004276;Email;dsi.evc-comores@telma.mg;;Active
SAINDADAROUECHE;AG4010642;Email;dsi.evc-comores@telma.mg;;Active
ALIMMADIALI10;AG4005010;Email;dsi.evc-comores@telma.mg;;Active
ZAHARIAHASSANE05;AG4011805;Email;dsi.evc-comores@telma.mg;;Active
LOUBABYBOUTIQUE;ME4013008;Email;dsi.evc-comores@telma.mg;;Active
KAVOUKAIVOYASSTORE;TS4012022;Email;asdjad.HOUSSEN@mvola.km;;Active
MOHAMEDAHMEDHOUDJATTE;AG4011932;Email;dsi.evc-comores@telma.mg;;Active
FREELANCEURNAIME;AG4013984;Email;dsi.evc-comores@telma.mg;;Active
FREELANCEURSALIM;AG4013979;Email;dsi.evc-comores@telma.mg;;Active
DJAMALMALIDE;AG4005901;Email;dsi.evc-comores@telma.mg;;Active
YOUSSOUFALIMDJASSIRI;AG4011979;Email;dsi.evc-comores@telma.mg;;Active
NASSUFABDOUAHAMADA;AG4010067;Email;dsi.evc-comores@telma.mg;;Active
NASSERRIDJALIATTOUMANE;AG4001962;Email;dsi.evc-comores@telma.mg;;Active
DHOURIAMAABADIAHAMADA;AG4011882;Email;dsi.evc-comores@telma.mg;;Active
RAANFATIRAFION;AG4004924;Email;dsi.evc-comores@telma.mg;;Active
ELANRIFMALIDE;AG4004925;Email;dsi.evc-comores@telma.mg;;Active
NAKSOITIFRAHADDINE;AG4004914;Email;dsi.evc-comores@telma.mg;;Active
HOUMADIAHAMED;AG4004869;Email;dsi.evc-comores@telma.mg;;Active
TOILIBOUZAYDA;AG4010158;Email;dsi.evc-comores@telma.mg;;Active
ANRFISAIDMOGNI;ME4009727;Email;dsi.evc-comores@telma.mg;;Active
FAIZATAMOHAMED;AG4009741;Email;dsi.evc-comores@telma.mg;;Active
DHOURIAMOHAMED1;AG4009783;Email;dsi.evc-comores@telma.mg;;Active
MAOULIDASAID;AG4009784;Email;dsi.evc-comores@telma.mg;;Active
SOIBIASAIDALI;AG4011985;Email;dsi.evc-comores@telma.mg;;Active
ANKOUBMIRADJIMMADI8;AG4011986;Email;dsi.evc-comores@telma.mg;;Active
ANLIAHAMADI70;AG4008490;Email;dsi.evc-comores@telma.mg;;Active
IBRARIMSAIDABDALLAH;AG4010201;Email;dsi.evc-comores@telma.mg;;Active
HALIMAATHOUMANI;AG4011883;Email;dsi.evc-comores@telma.mg;;Active
OUSTADHUAHMED1;AG4004913;Email;dsi.evc-comores@telma.mg;;Active
FRANCHISEDJIBRANEMULTIFONCTION;ME4011277;Email;dsi.evc-comores@telma.mg;;Active
NASSERNASSUR1;AG4004976;Email;dsi.evc-comores@telma.mg;;Active
FAHARIMOHAMEDAHAMADA;AG4009706;Email;dsi.evc-comores@telma.mg;;Active
SamileAbdallah;AG4004321;Email;dsi.evc-comores@telma.mg;;Active
AMILATIAHAMADI1;AG4004428;Email;dsi.evc-comores@telma.mg;;Active
ANLISAINDOUOUSSENI;AG4004482;Email;dsi.evc-comores@telma.mg;;Active
MOHAMEDALIMOINDJI;AG4004540;Email;dsi.evc-comores@telma.mg;;Active
ALIMHADJOU1;AG4004684;Email;dsi.evc-comores@telma.mg;;Active
DHOIYATIOUSSENI;AG4004635;Email;dsi.evc-comores@telma.mg;;Active
MADISOIFIATI1;AG4004688;Email;dsi.evc-comores@telma.mg;;Active
ANISSATAMBAE01;AG4004528;Email;dsi.evc-comores@telma.mg;;Active
ATTOUMANEHOUMADI2;AG4004327;Email;dsi.evc-comores@telma.mg;;Active
BACHIRALI;AG4004591;Email;dsi.evc-comores@telma.mg;;Active
LOUKOUMANESAINDOU;AG4004435;Email;dsi.evc-comores@telma.mg;;Active
SALIMCHANFI1;AG4009833;Email;dsi.evc-comores@telma.mg;;Active
ARCHIMEDSAIDMSA;AG4010195;Email;dsi.evc-comores@telma.mg;;Active
MOUKIMMOHAMED;AG4013631;Email;dsi.evc-comores@telma.mg;;Active
FATOUMASAID01;AG4004265;Email;dsi.evc-comores@telma.mg;;Active
SOILHABACARABDOU;AG4013672;Email;dsi.evc-comores@telma.mg;;Active
HADJIRAALI1;AG4010277;Email;dsi.evc-comores@telma.mg;;Active
HAIDAZOUBERT1;AG4004990;Email;dsi.evc-comores@telma.mg;;Active
ISSANASRAT;AG4009733;Email;dsi.evc-comores@telma.mg;;Active
IBRAHIMSOILIHI82;AG4009808;Email;dsi.evc-comores@telma.mg;;Active
MONMODMALEKABANOU1;ME4009807;Email;dsi.evc-comores@telma.mg;;Active
FATOUMAMMADI01;AG4009703;Email;dsi.evc-comores@telma.mg;;Active
HARMIAMOHAMED;AG4004829;Email;dsi.evc-comores@telma.mg;;Active
FAHARDINEALYMBAY;AG4011867;Email;dsi.evc-comores@telma.mg;;Active
ACHOURAASSULANE;AG4010288;Email;dsi.evc-comores@telma.mg;;Active
YOUSSOUFHOUMADI;AG4004848;Email;dsi.evc-comores@telma.mg;;Active
POPMVOLA;TS4009232;Email;Asdjad.HOUSSEN@telma.km;2694009232;Active
FATOUMIASOULEFATOUMIA;AG4011818;Email;dsi.evc-comores@telma.mg;;Active
ABDALLAHZAHARAABDALLAH;AG4005232;Email;dsi.evc-comores@telma.mg;;Active
AHAMADASOIBITI;AG4013495;Email;dsi.evc-comores@telma.mg;;Active
MOHAMEDHOUSSENIMOHAMED;AG4010023;Email;dsi.evc-comores@telma.mg;;Active
RAOULHATALIMOHAMED;AG4010003;Email;dsi.evc-comores@telma.mg;;Active
IBTISSAMAHMEDIBTISSAM;AG4013516;Email;dsi.evc-comores@telma.mg;;Active
FLEXYSHOP;ME4012942;Email;dsi.evc-comores@telma.mg;;Active
CMGFABRICATIONDECOUSSIN;ME4012944;Email;dsi.evc-comores@telma.mg;;Active
KAZOUINEASSOUMANE;AG4012490;Email;dsi.evc-comores@telma.mg;;Active
TALOUINEANLI1;AG4013885;Email;dsi.evc-comores@telma.mg;;Active
AHMEDHOUMADIAH;AG4007429;Email;dsi.evc-comores@telma.mg;;Active
SOULEMMADI93;AG4011957;Email;dsi.evc-comores@telma.mg;;Active
ALISOULAIMANAIBRAHIM06;AG4010806;Email;dsi.evc-comores@telma.mg;;Active
COMITEDHYGIENEDELAVILLEDEFOUMBOUNI;ME4013075;Email;dsi.evc-comores@telma.mg;;Active
HAIDADAOUD2;AG4013524;Email;dsi.evc-comores@telma.mg;;Active
SAIDMMADI95;AG4003479;Email;dsi.evc-comores@telma.mg;;Active
SOIBAHOUARCHADI;AG4004352;Email;dsi.evc-comores@telma.mg;;Active
RAHYKIASSANE;AG4004314;Email;dsi.evc-comores@telma.mg;;Active
TOIOUILOUOUSSENI2;AG4004486;Email;dsi.evc-comores@telma.mg;;Active
TELCOAFG;TELCOAFG;Email;angela.ramiliharivelonoro@mvola.mg;;Active
ECHATIMIRADJI77;AG4004932;Email;dsi.evc-comores@telma.mg;;Active
FAZATIISMAILA82;AG4004817;Email;dsi.evc-comores@telma.mg;;Active
RADHUYAATTOUMANE04;AG4010477;Email;dsi.evc-comores@telma.mg;;Active
HOUDHOUNIYAABDALLAH;AG4004616;Email;dsi.evc-comores@telma.mg;;Active
DHOIHAROUDINEALIMOHAMEDALI;AG4010267;Email;dsi.evc-comores@telma.mg;;Active
BADROUZAMANEMOHAMED1;ME4004680;Email;dsi.evc-comores@telma.mg;;Active
ABDOUAHAMADI74;AG4004438;Email;dsi.evc-comores@telma.mg;;Active
ZAINABAMKAVAVO;AG4007678;Email;dsi.evc-comores@telma.mg;;Active
AbderemaneZAIDANE;AG4004615;Email;dsi.evc-comores@telma.mg;;Active
DHOIHAEROUDINEALIMOHAMEDALI1;AG4011278;Email;dsi.evc-comores@telma.mg;;Active
SAIDKOUDROI1;ME4004682;Email;dsi.evc-comores@telma.mg;;Active
AMBDILHABIBOU;AG4004356;Email;dsi.evc-comores@telma.mg;;Active
SANIAMOUSSA92;AG4009756;Email;dsi.evc-comores@telma.mg;;Active
BARAKAIDI1;AG4015918;Email;dsi.evc-comores@telma.mg;;Active
YOUSSOUFABDALLAH77;ME4015550;Email;dsi.evc-comores@telma.mg;;Active
SAANRIASALIM;AG4015637;Email;dsi.evc-comores@telma.mg;;Active
FREELANCERAN1;AG4004269;Email;dsi.evc-comores@telma.mg;;Active
POINTDEVENTE110;AG4015665;Email;dsi.evc-comores@telma.mg;;Active
SAINDOUBOURA89;AG4004921;Email;dsi.evc-comores@telma.mg;;Active
ADINANIINOUSSA;AG4006161;Email;dsi.evc-comores@telma.mg;;Active
CHAHARMANEALIMOHAMED2;TS4012190;Email;dsi.evc-comores@telma.mg;;Active
POINTDEVENTE700;AG4006696;Email;dsi.evc-comores@telma.mg;;Active
DAFHIDAYAMVOLA;EN4010351;Email;Nazlye.SAID@telma.km;;Active
ZAIDOUAHAMADA;AG4005132;Email;dsi.evc-comores@telma.mg;;Active
OBTDG;ME4013036;Email;dsi.evc-comores@telma.mg;;Active
ABDOULANLIMAHMEDSAID90;AG4011990;Email;dsi.evc-comores@telma.mg;;Active
ABASSIALI88;ME4012981;Email;dsi.evc-comores@telma.mg;;Active
KAZMIRBACAR;AG4010071;Email;dsi.evc-comores@telma.mg;;Active
ABOUMOHAMADI97;ME4012603;Email;dsi.evc-comores@telma.mg;;Active
ABDELKADERABOUBAKAR83;ME4012994;Email;dsi.evc-comores@telma.mg;;Active
HADIDJATMOHAMEDMAABAD;AG4006726;Email;dsi.evc-comores@telma.mg;;Active
ALHADHURIBRAHIMA;AG4010063;Email;dsi.evc-comores@telma.mg;;Active
FAOUZIAMOHAMED4;AG4011879;Email;dsi.evc-comores@telma.mg;;Active
IDRISSMOHAMEDABDOU;AG4011956;Email;dsi.evc-comores@telma.mg;;Active
DJAIDSAMSON12;AG4004812;Email;dsi.evc-comores@telma.mg;;Active
DHOULFAOUABDOUROIHAMANEONFI;AG4004741;Email;dsi.evc-comores@telma.mg;;Active
IBRAHIMDJAANFAR;AG4003460;Email;dsi.evc-comores@telma.mg;;Active
ANCHIKATIBOUCHRANE;AG4010297;Email;dsi.evc-comores@telma.mg;;Active
DAROUECHEYASSINE04;AG4010204;Email;dsi.evc-comores@telma.mg;;Active
RIZIKIMADJANI;AG4013871;Email;dsi.evc-comores@telma.mg;;Active
LESENFANTSDUTHEATREETISABELLE;ME4003450;Email;dsi.evc-comores@telma.mg;;Active
ROUMDATIHALOINE;AG4004979;Email;dsi.evc-comores@telma.mg;;Active
FREELANCERANFIA;AG4004516;Email;dsi.evc-comores@telma.mg;;Active
AychaNassimeDdine;AG4004254;Email;dsi.evc-comores@telma.mg;;Active
SALMATDJOUMOI;AG4004605;Email;dsi.evc-comores@telma.mg;;Active
FAZLATIAHMED;AG4004676;Email;dsi.evc-comores@telma.mg;;Active
POINTEDEVENTES00003;AG4015772;Email;dsi.evc-comores@telma.mg;;Active
HAFSWAADAMOU;AG4009713;Email;dsi.evc-comores@telma.mg;;Active
FREELANCERTESTDSI;AG4015610;Email;dsi.evc-comores@telma.mg;;Active
AHMEDCHARIZADE01;AG4015753;Email;dsi.evc-comores@telma.mg;;Active
FOMBONIYASSTORE;TS4011267;Email;Asdjad.HOUSSEN@telma.km;2694011267;Active
KAMALDDINEMOHAMEDIDAROUSSE;AG4005502;Email;dsi.evc-comores@telma.mg;;Active
ARTCOM;ME4012979;Email;dsi.evc-comores@telma.mg;;Active
ALIHOUMADI;AG4013887;Email;dsi.evc-comores@telma.mg;;Active
HASSANISAANDIRAOUDHOI;AG4011877;Email;dsi.evc-comores@telma.mg;;Active
IDJIHADIHADIDJA;AG4011995;Email;dsi.evc-comores@telma.mg;;Active
MBOREHAANLIA;AG4005889;Email;dsi.evc-comores@telma.mg;;Active
THAMARATIALIANI;AG4013064;Email;dsi.evc-comores@telma.mg;;Active
ANRABIASAIDHASSANIMAOULANA;AG4007667;Email;dsi.evc-comores@telma.mg;;Active
MARIECHARDABECHANYMSAIDYABED;AG4004724;Email;dsi.evc-comores@telma.mg;;Active
FOILIABDOU1;AG4010276;Email;dsi.evc-comores@telma.mg;;Active
MISBAHALIMOUIGNI;TS4003497;Email;dsi.evc-comores@telma.mg;;Active
YOUSSOUFMMADI96;AG4009738;Email;dsi.evc-comores@telma.mg;;Active
YOUSSOUFSAADIYOUSSOUF;AG4006119;Email;dsi.evc-comores@telma.mg;;Active
MDAHOMAFATIMAMDAHOMA;AG4006632;Email;dsi.evc-comores@telma.mg;;Active
ABDOUROIHAMANEMMADI49;AG4013249;Email;dsi.evc-comores@telma.mg;;Active
HANIATIABDOUROIHAMANE;AG4009359;Email;dsi.evc-comores@telma.mg;;Active
ICHATAALIHAMADI;AG4006772;Email;dsi.evc-comores@telma.mg;;Active
DAMIRBENALIANLIELWAFA;AG4008569;Email;dsi.evc-comores@telma.mg;;Active
NAIMAIBRAHIM4;AG4011878;Email;dsi.evc-comores@telma.mg;;Active
NASSUATIISHAKA;AG4012046;Email;dsi.evc-comores@telma.mg;;Active
RIDJALMOINDZE;AG4013452;Email;dsi.evc-comores@telma.mg;;Active
NASSERMOHAMEDSAID76;AG4004725;Email;dsi.evc-comores@telma.mg;;Active
TACHIRIFAMADHOINI;AG4004820;Email;dsi.evc-comores@telma.mg;;Active
RASTAIDATMOHAMED;TS4004782;Email;dsi.evc-comores@telma.mg;;Active
NAIFATAALIMOHAMEDNAI;AG4006065;Email;dsi.evc-comores@telma.mg;;Active
RAFIONABDOU;AG4004927;Email;dsi.evc-comores@telma.mg;;Active
ECHATALIWAFA93;AG4004903;Email;dsi.evc-comores@telma.mg;;Active
ZAINOULAMBIDINAABDALLAH;AG4004907;Email;dsi.evc-comores@telma.mg;;Active
MARIATAAHAMADA86;AG4009837;Email;dsi.evc-comores@telma.mg;;Active
OUMIKOULTHOUMMOHAMED;AG4004975;Email;dsi.evc-comores@telma.mg;;Active
IBRAHIMABDOUNOURDINE;AG4004959;Email;dsi.evc-comores@telma.mg;;Active
L4004500;L4004500;Email;dsi.evc-comores@telma.mg;;Active
TOIHIRYOUSSOUF1;AG4004666;Email;dsi.evc-comores@telma.mg;;Active
ATUYAAHAMADA;AG4004653;Email;dsi.evc-comores@telma.mg;;Active
POINTDEVENTE55555;AG4015879;Email;dsi.evc-comores@telma.mg;;Active
PCSECBANIEL;ME4015989;Email;dsi.evc-comores@telma.mg;;Active
AGCLABONNEADRESSE;ME4015758;Email;dsi.evc-comores@telma.mg;;Active
RAHAMATAELAMINE01;AG4004552;Email;dsi.evc-comores@telma.mg;;Active
ISMAELYOUSSOUF01;AG4015621;Email;dsi.evc-comores@telma.mg;;Active
SOUMAILAMCOLOOUSENI;AG4015960;Email;dsi.evc-comores@telma.mg;;Active
ZOULFAINAMADI;AG4010140;Email;dsi.evc-comores@telma.mg;;Active
COMBOABDOULANZIZ;AG4010174;Email;dsi.evc-comores@telma.mg;;Active
CAMARDINEISSAALI;AG4008439;Email;dsi.evc-comores@telma.mg;;Active
NADIAMBOUSSOURINAD;AG4009956;Email;dsi.evc-comores@telma.mg;;Active
MMADIHAMADAALI;AG4013464;Email;dsi.evc-comores@telma.mg;;Active
CHAMSIAHASSANI97;AG4012797;Email;dsi.evc-comores@telma.mg;;Active
BACARBOUNOUAMINA;AG4005794;Email;dsi.evc-comores@telma.mg;;Active
FAHIZEMOHAMED;AG4011373;Email;dsi.evc-comores@telma.mg;;Active
ADIHAMESOUF01;AG4015734;Email;dsi.evc-comores@telma.mg;;Active
FAOUKADJAMALABDOU;AG4004430;Email;dsi.evc-comores@telma.mg;;Active
TOUFIKADAOUD92;AG4004842;Email;dsi.evc-comores@telma.mg;;Active
FRNDRONDRONI;ME4011279;Email;dsi.evc-comores@telma.mg;;Active
DHOUHOUROIAHAMADA1;AG4004681;Email;dsi.evc-comores@telma.mg;;Active
CHAHASSUIALIFATAIBRAHIM;AG4004344;Email;dsi.evc-comores@telma.mg;;Active
MOUENTOISSUMRIDHOINECHAFFI;AG4004437;Email;dsi.evc-comores@telma.mg;;Active
IBRAHIMALIMSA1;AG4009737;Email;dsi.evc-comores@telma.mg;;Active
ELHADJIHOUMADI1;AG4004364;Email;dsi.evc-comores@telma.mg;;Active
SAIDMSA01;AG4010258;Email;dsi.evc-comores@telma.mg;;Active
MOHAMEDALI2;AG4004617;Email;dsi.evc-comores@telma.mg;;Active
MARIAMAMOHAMED;AG4004598;Email;dsi.evc-comores@telma.mg;;Active
MMADIIBRAHIMM;AG4004716;Email;dsi.evc-comores@telma.mg;;Active
AHAMADAABDEREMANE;TS4015718;Email;dsi.evc-comores@telma.mg;;Active
MADINAHERMINEALIMOHAMEDZAKARIA;AG4009770;Email;dsi.evc-comores@telma.mg;;Active
ECHATASAIDABDOU1;AG4009771;Email;dsi.evc-comores@telma.mg;;Active
MCHARICHISAMIR;AG4006614;Email;dsi.evc-comores@telma.mg;;Active
HAKIMSANIANTIHAKIM;AG4006138;Email;dsi.evc-comores@telma.mg;;Active
FAHARDINESAIDFAHAR;AG4006511;Email;dsi.evc-comores@telma.mg;;Active
DINIABDILLAHDINI;AG4005263;Email;dsi.evc-comores@telma.mg;;Active
AFFANENOURDINEAFFANE;AG4006756;Email;dsi.evc-comores@telma.mg;;Active
LOUTFIABOUDOULOUTFI;AG4012832;Email;dsi.evc-comores@telma.mg;;Active
DJAFFARABDILLAHMOUNIR;AG4007252;Email;dsi.evc-comores@telma.mg;;Active
HAMIDAHOUMADIHAMIDA;AG4007407;Email;dsi.evc-comores@telma.mg;;Active
MOUZAOIRMOHAMEDMOUZAOIR;AG4006355;Email;dsi.evc-comores@telma.mg;;Active
SOUTIENMARIAGE;ME4015757;Email;dsi.evc-comores@telma.mg;;Active
Pointdevente13;AG4004696;Email;dsi.evc-comores@telma.mg;;Active
Pointdevente16;AG4004608;Email;dsi.evc-comores@telma.mg;;Active
SAIDALIABDALLAH;AG4011524;Email;dsi.evc-comores@telma.mg;;Active
MOHAMEDAHAMEDMROIVILI;AG4006768;Email;dsi.evc-comores@telma.mg;;Active
AMINEABDALLAHAMINE;AG4008871;Email;dsi.evc-comores@telma.mg;;Active
ECHATAMOUSSA47;AG4006747;Email;dsi.evc-comores@telma.mg;;Active
ANFIFAMOHAMEDMED;AG4010021;Email;dsi.evc-comores@telma.mg;;Active
MSANKASI;ME4012966;Email;dsi.evc-comores@telma.mg;;Active
LAILINABACAR;AG4013047;Email;dsi.evc-comores@telma.mg;;Active
ANFIFDDINEATTOUMANI;AG4012041;Email;dsi.evc-comores@telma.mg;;Active
SOUMAILAAHAMED1;AG4004855;Email;dsi.evc-comores@telma.mg;;Active
CHAMSSIAYOUSSOUF1;AG4004586;Email;dsi.evc-comores@telma.mg;;Active
IBRAHIMALHADHUR1;AG4009823;Email;dsi.evc-comores@telma.mg;;Active
MOUSSAAHAMADA02;AG4009776;Email;dsi.evc-comores@telma.mg;;Active
ComoresenLigne2;AG4010353;Email;contact@comores-en-ligne.fr;;Active
FAOUZAAHAMADA;AG4004604;Email;dsi.evc-comores@telma.mg;;Active
ABBDOULLAHSAIDOMOR;AG4010209;Email;dsi.evc-comores@telma.mg;;Active
HAIDARAHAMDAHAIDAR;AG4011834;Email;dsi.evc-comores@telma.mg;;Active
MEDINAFESTIVAL0960;ME4010960;Email;dsi.evc-comores@telma.mg;;Active
LAIDINESOULAIMANALAI;AG4006844;Email;dsi.evc-comores@telma.mg;;Active
KARIMARIZIKISOUMAILA;AG4006846;Email;dsi.evc-comores@telma.mg;;Active
FAKRIKAISSANIFAKRI;AG4013165;Email;dsi.evc-comores@telma.mg;;Active
MMADIBOUNOUMOINDJIE;AG4006802;Email;dsi.evc-comores@telma.mg;;Active
ANMARALIYOUSSOUF;AG4008661;Email;dsi.evc-comores@telma.mg;;Active
HOUMADISAIDIBRAHIM;AG4009917;Email;dsi.evc-comores@telma.mg;;Active
NADJMAMOHAMEDNADJMA;AG4010024;Email;dsi.evc-comores@telma.mg;;Active
HAIRIAAHMEDHAIRIA;AG4009025;Email;dsi.evc-comores@telma.mg;;Active
SAANRATIMMADIMSA;AG4006115;Email;dsi.evc-comores@telma.mg;;Active
MADJIDMCHANGAMAMOILIM;AG4006194;Email;dsi.evc-comores@telma.mg;;Active
SAMISDINECHAKIRSAM;AG4013262;Email;dsi.evc-comores@telma.mg;;Active
AHAMADAMAHAMOUD13;AG4006713;Email;dsi.evc-comores@telma.mg;;Active
HALIMASAIDINA54;AG4010854;Email;dsi.evc-comores@telma.mg;;Active
ILIASSADJOUMOI81;AG4013481;Email;dsi.evc-comores@telma.mg;;Active
SAIFATAMHOUDINE29;AG4011929;Email;dsi.evc-comores@telma.mg;;Active
AHMEDHASSANE63;AG4008563;Email;dsi.evc-comores@telma.mg;;Active
AbchiroulHair;AG4013953;Email;dsi.evc-comores@telma.mg;;Active
MOUHIDINEATTOUMANE38;AG4006838;Email;dsi.evc-comores@telma.mg;;Active
SOPHIAZAMIR;AG4008311;Email;dsi.evc-comores@telma.mg;;Active
SOUMAIATMOHAMEDSAID;AG4012779;Email;dsi.evc-comores@telma.mg;;Active
OUBEIDATAHAMIDOU;AG4006151;Email;dsi.evc-comores@telma.mg;;Active
ANSOIRIBRAHIMHOUMADI;AG4013998;Email;dsi.evc-comores@telma.mg;;Active
SOIFIANADHUFANE;AG4011372;Email;dsi.evc-comores@telma.mg;;Active
SANDIAIBRAHIMABDALLAH;AG4008256;Email;dsi.evc-comores@telma.mg;;Active
OMARAHMED;AG4010813;Email;dsi.evc-comores@telma.mg;;Active
MOINERIZIKIYOUSSOUFDJAE;AG4013083;Email;dsi.evc-comores@telma.mg;;Active
NASSERDINESOILIHI89;AG4003449;Email;dsi.evc-comores@telma.mg;;Active
HAIDAZOUBERT88;AG4004911;Email;dsi.evc-comores@telma.mg;;Active
SALIMYOUSSOUFADAM;AG4013137;Email;dsi.evc-comores@telma.mg;;Active
IHISSANEHAFIDHOU;AG4004868;Email;dsi.evc-comores@telma.mg;;Active
IBRAHIMSAADICHIONI01;ME4009750;Email;dsi.evc-comores@telma.mg;;Active
TOISSIMFAHAR67;AG4005515;Email;dsi.evc-comores@telma.mg;;Active
NathraAbdallah;AG4008475;Email;dsi.evc-comores@telma.mg;;Active
SOCHITELSOCHITEL50;AG4010350;Email;Nazlye.SAID@telma.km;;Active
ABDOUHOURAIROIOUSSENI;AG4004889;Email;dsi.evc-comores@telma.mg;;Active
HASSANIBAHATI1;AG4009843;Email;dsi.evc-comores@telma.mg;;Active
IDRISSEMOHAMEDHOUSSEINE;AG4004846;Email;dsi.evc-comores@telma.mg;;Active
BADAENTIMOHAMED;AG4004880;Email;dsi.evc-comores@telma.mg;;Active
HIKMATIISSIAKA;AG4009726;Email;dsi.evc-comores@telma.mg;;Active
HAIRATSAIDALI;AG4009817;Email;dsi.evc-comores@telma.mg;;Active
ADINANEAHAMADAKOLIHA;AG4009764;Email;dsi.evc-comores@telma.mg;;Active
MOINDJIEFAIDATANAIS;AG4015682;Email;dsi.evc-comores@telma.mg;;Active
TELCOTRP;TELCOTRP;Email;angela.ramiliharivelonoro@mvola.mg;;Active
ABDOUMZESAID;AG4012642;Email;dsi.evc-comores@telma.mg;;Active
YAHAIAAVIZARANADIA;AG4012813;Email;dsi.evc-comores@telma.mg;;Active
ZAIDALISAID;AG4010825;Email;dsi.evc-comores@telma.mg;;Active
FANIAMMADIHASSANI;AG4013459;Email;dsi.evc-comores@telma.mg;;Active
IBRAHIMALIMSOMA;AG4005203;Email;dsi.evc-comores@telma.mg;;Active
AHMEDHOUSSEINISAIDALI;AG4010623;Email;dsi.evc-comores@telma.mg;;Active
MARIAMAMSAIDIMARI;AG4007622;Email;dsi.evc-comores@telma.mg;;Active
MARIAMAYOUSSOUFMARI;AG4013179;Email;dsi.evc-comores@telma.mg;;Active
SAIDMOHAMEDCHARIF;AG4005979;Email;dsi.evc-comores@telma.mg;;Active
ABDILLAHCHAHIDIABDILLAHI;AG4007295;Email;dsi.evc-comores@telma.mg;;Active
MISBAHOUIBRAHIMMISBAHOU;AG4007684;Email;dsi.evc-comores@telma.mg;;Active
KAMALALIMBARAKA0;AG4005780;Email;dsi.evc-comores@telma.mg;;Active
SOILIHINANAOUIROUABDALLAH;AG4011363;Email;dsi.evc-comores@telma.mg;;Active
HAIRIDINEOMAR91;AG4008791;Email;dsi.evc-comores@telma.mg;;Active
HOULOUFATIMADIMOEGNE32;AG4007132;Email;dsi.evc-comores@telma.mg;;Active
MOUSSAHAMAD;AG4011887;Email;dsi.evc-comores@telma.mg;;Active
MHOUDINEMMADIDJAE;AG4012613;Email;dsi.evc-comores@telma.mg;;Active
HAFIDHOUTOILIBOU;AG4013895;Email;dsi.evc-comores@telma.mg;;Active
KADRIBENHAMADA;TS4010213;Email;dsi.evc-comores@telma.mg;;Active
HABIBOUBOURAABDOU01;AG4009720;Email;dsi.evc-comores@telma.mg;;Active
ALICHAABANE95;AG4009792;Email;dsi.evc-comores@telma.mg;;Active
SAIDELHADBENABDOU;AG4004366;Email;dsi.evc-comores@telma.mg;;Active
ANROIBIAALIYSSOUF;AG4004517;Email;dsi.evc-comores@telma.mg;;Active
KAOUTHARAISSOUFSAID;AG4004564;Email;dsi.evc-comores@telma.mg;;Active
ANCHOUROIATHOUMANISALIM;AG4011622;Email;dsi.evc-comores@telma.mg;;Active
WANASCONCERT2;ME4015652;Email;dsi.evc-comores@telma.mg;;Active
WANASCONCERT3;ME4015651;Email;dsi.evc-comores@telma.mg;;Active
ZAKARIASAANDI;AG4015536;Email;dsi.evc-comores@telma.mg;;Active
TELCOMFSAOUT;TELCOMFSAOUT;Email;etiemene@mfsafrica.com;;Active
EchatSaindou;AG4005948;Email;dsi.evc-comores@telma.mg;;Active
ZAINATIAHAMADA;AG4013486;Email;dsi.evc-comores@telma.mg;;Active
ABDOUNADHOIRI;AG4013950;Email;dsi.evc-comores@telma.mg;;Active
MOHAMEDAHAMADA08;AG4005642;Email;dsi.evc-comores@telma.mg;;Active
ZainaJoli;AG4008307;Email;dsi.evc-comores@telma.mg;;Active
ROYALQUEEN;ME4013005;Email;dsi.evc-comores@telma.mg;;Active
SHOPAEOPORTSA;AG4013515;Email;dsi.evc-comores@telma.mg;;Active
MANSOUROMARABDALLAH;AG4005411;Email;dsi.evc-comores@telma.mg;;Active
MAXIMEZAINABA;AG4013436;Email;dsi.evc-comores@telma.mg;;Active
MOHAMEDSOILIHI;AG4013954;Email;dsi.evc-comores@telma.mg;;Active
HAMADIIBRAHIM;AG4004648;Email;dsi.evc-comores@telma.mg;;Active
NAHERABDOU1;AG4004703;Email;dsi.evc-comores@telma.mg;;Active
IBRAHIMAHMEDIBRAHIM;AG4013243;Email;dsi.evc-comores@telma.mg;;Active
CHAFRAALLAOUIOUSSENE;AG4005301;Email;dsi.evc-comores@telma.mg;;Active
ZAKIACHEIKHZAKIA;AG4006210;Email;dsi.evc-comores@telma.mg;;Active
RAINIAATHOUMANIRAINIA;AG4012765;Email;dsi.evc-comores@telma.mg;;Active
HASSANIMYRIAM;AG4006212;Email;dsi.evc-comores@telma.mg;;Active
ABDALLAHAHMEDSIMA;AG4006901;Email;dsi.evc-comores@telma.mg;;Active
MACHOUHOULIMSSADJAE;AG4005653;Email;dsi.evc-comores@telma.mg;;Active
STATIONBAOZAMI3;AG4011974;Email;dsi.evc-comores@telma.mg;;Active
BENDJADIDALITAMOU;AG4010247;Email;dsi.evc-comores@telma.mg;;Active
AMIRHALIDI87;AG4004786;Email;dsi.evc-comores@telma.mg;;Active
YAZIDABDOUSALAMI1;AG4010283;Email;dsi.evc-comores@telma.mg;;Active
RAFAYELABDOUSAID1;AG4010279;Email;dsi.evc-comores@telma.mg;;Active
EALAMOUNIYATMINDHIR1;AG4010284;Email;dsi.evc-comores@telma.mg;;Active
SOYHATIABDOU76;AG4004902;Email;dsi.evc-comores@telma.mg;;Active
DHOULKARENAINETOILEDINE;AG4004864;Email;dsi.evc-comores@telma.mg;;Active
MOHAMEDABDOULWAHAB83;AG4013271;Email;dsi.evc-comores@telma.mg;;Active
MOHAMEDHAMIDOU89;AG4009745;Email;dsi.evc-comores@telma.mg;;Active
MARIAMAMOUIGNI1;AG4009719;Email;dsi.evc-comores@telma.mg;;Active
MOINAHERIMRAMBOINI;AG4003505;Email;dsi.evc-comores@telma.mg;;Active
MOUSTADRANERIDJALI20;AG4004972;Email;dsi.evc-comores@telma.mg;;Active
ANFAIDINENADHUM;AG4004785;Email;dsi.evc-comores@telma.mg;;Active
HAMADAMMADIASSAD98;AG4003491;Email;dsi.evc-comores@telma.mg;;Active
YOUSSOUFSOIDIKI90;AG4003447;Email;dsi.evc-comores@telma.mg;;Active
ROUZOUNATIBACARALLAOUI;AG4004780;Email;dsi.evc-comores@telma.mg;;Active
HADJIRARADJABOU85;AG4010286;Email;dsi.evc-comores@telma.mg;;Active
HASSANIBAHATI78;AG4006753;Email;dsi.evc-comores@telma.mg;;Active
AHAMEDSAINDOU;AG4004917;Email;dsi.evc-comores@telma.mg;;Active
TISSIATISAIDMOUSSA;AG4010983;Email;dsi.evc-comores@telma.mg;;Active
TISSIATISAIDMOUSSA93;AG4004974;Email;dsi.evc-comores@telma.mg;;Active
HOUSSENSINDZANOU;AG4009765;Email;dsi.evc-comores@telma.mg;;Active
NASSURIAAHMED;ME4004779;Email;dsi.evc-comores@telma.mg;;Active
ANZIDANEHALIFAHIMIDI;AG4004773;Email;dsi.evc-comores@telma.mg;;Active
OMADIAHMED;AG4004999;Email;dsi.evc-comores@telma.mg;;Active
SELEMANIFATIMA;AG4009794;Email;dsi.evc-comores@telma.mg;;Active
SOILDATTOIHA;AG4004831;Email;dsi.evc-comores@telma.mg;;Active
MOUNIRISSAABDALLAH;AG4004589;Email;dsi.evc-comores@telma.mg;;Active
MOUHLISSOU;AG4004853;Email;dsi.evc-comores@telma.mg;;Active
HASSANATIKASSIM1;AG4004525;Email;dsi.evc-comores@telma.mg;;Active
NDROUBINI;ME4012972;Email;dsi.evc-comores@telma.mg;;Active
ZAHARAMOINAIDI;AG4009249;Email;dsi.evc-comores@telma.mg;;Active
ZAINASOULADAOU;AG4013028;Email;dsi.evc-comores@telma.mg;;Active
MOHAMEDSOIDROUDINE86;AG4012664;Email;dsi.evc-comores@telma.mg;;Active
MMADIMOGNE1;AG4013017;Email;dsi.evc-comores@telma.mg;;Active
YANKOUBMFOUNGOULIE;AG4003500;Email;dsi.evc-comores@telma.mg;;Active
MARIAMAIMAMOUALI83;AG4006506;Email;dsi.evc-comores@telma.mg;;Active
AHMEDABDOUSAID1;AG4004997;Email;dsi.evc-comores@telma.mg;;Active
MOUHOUDIISMAEL;AG4007160;Email;dsi.evc-comores@telma.mg;;Active
LAILAFARID;AG4005660;Email;dsi.evc-comores@telma.mg;;Active
FATOUMIAABDILLAHFATOU;AG4006591;Email;dsi.evc-comores@telma.mg;;Active
HADIDJAALISAID;AG4009683;Email;dsi.evc-comores@telma.mg;;Active
NOUZOUHATIMOHAMEDNOUZOU;AG4005922;Email;dsi.evc-comores@telma.mg;;Active
ELISABETHEBAOINAIDI;AG4011811;Email;dsi.evc-comores@telma.mg;;Active
AMINATADAROUECHEAMINATA;AG4006497;Email;dsi.evc-comores@telma.mg;;Active
MOURFIDEMOUSSAMOUR;AG4005892;Email;dsi.evc-comores@telma.mg;;Active
DHANOURAHAMADI;AG4013907;Email;dsi.evc-comores@telma.mg;;Active
SAOUDATIYOUSSOUF;AG4013489;Email;dsi.evc-comores@telma.mg;;Active
YOUSSOUFALI03;AG4005303;Email;dsi.evc-comores@telma.mg;;Active
MBAEALIMMADI;AG4006358;Email;dsi.evc-comores@telma.mg;;Active
MOHAMEDMHADJIRI50;AG4012350;Email;dsi.evc-comores@telma.mg;;Active
MARIEMMADI49;AG4011749;Email;dsi.evc-comores@telma.mg;;Active
SOYIHATIISSOUF;AG4013917;Email;dsi.evc-comores@telma.mg;;Active
ZAKIATIBRAHIM;AG4006168;Email;dsi.evc-comores@telma.mg;;Active
FAIDHOINEYAHOUDHOI273;AG4011923;Email;dsi.evc-comores@telma.mg;;Active
123SOLEILPC;ME4012960;Email;dsi.evc-comores@telma.mg;;Active
ZAHARAMOHAMEDSOULE;AG4013274;Email;dsi.evc-comores@telma.mg;;Active
IBRAHIMBOURHANE;ME4012925;Email;dsi.evc-comores@telma.mg;;Active
KOPEMAYCOMISSER;AG4010413;Email;dsi.evc-comores@telma.mg;;Active
KINETHERAPIEFATOUMA;AG4012936;Email;dsi.evc-comores@telma.mg;;Active
ABOUMOHAMEDALI;AG4005525;Email;dsi.evc-comores@telma.mg;;Active
FREELANCEURZOURIANTI;AG4013982;Email;dsi.evc-comores@telma.mg;;Active
FREELANCEURASSADI;AG4013978;Email;dsi.evc-comores@telma.mg;;Active
BAHATIABO;AG4013976;Email;dsi.evc-comores@telma.mg;;Active
DJAMILAOMAR;AG4010729;Email;dsi.evc-comores@telma.mg;;Active
FEMMEPILIERDEDEVELOPPEMENT;ME4013035;Email;dsi.evc-comores@telma.mg;;Active
YVANIGSARLU1;ME4013861;Email;dsi.evc-comores@telma.mg;;Active
ADMERABOUBACAR;AG4012013;Email;dsi.evc-comores@telma.mg;;Active
MounissatiHoussamouddine;AG4007921;Email;dsi.evc-comores@telma.mg;;Active
ECOLEPRIMAIREBASSIMASOUMREMANI;ME4013868;Email;dsi.evc-comores@telma.mg;;Active
ROUFOUANTISOILIHISOIEF;AG4010703;Email;dsi.evc-comores@telma.mg;;Active
WARDATIALI20;AG4013029;Email;dsi.evc-comores@telma.mg;;Active
YOUSSOUFFATIMA;ME4012610;Email;dsi.evc-comores@telma.mg;;Active
HAZADOM;ME4012965;Email;dsi.evc-comores@telma.mg;;Active
ROUKIAMBAE;AG4013453;Email;dsi.evc-comores@telma.mg;;Active
ASMAOUMOHAMEDABDOUABDALLAH;AG4013069;Email;dsi.evc-comores@telma.mg;;Active
BACARHASSANI4;AG4009103;Email;dsi.evc-comores@telma.mg;;Active
HASSOISSEAHMED;AG4015880;Email;dsi.evc-comores@telma.mg;;Active
FAISSOILISSIHAKA01;AG4015540;Email;dsi.evc-comores@telma.mg;;Active
OIHIDOUABDALLAHSALIM1;TS4013644;Email;dsi.evc-comores@telma.mg;;Active
RAKIBOUIBRAHIM;TS4010150;Email;dsi.evc-comores@telma.mg;;Active
MOHAMEDSIDIBADRIA;AG4008252;Email;dsi.evc-comores@telma.mg;;Active
MAANFOUSAIDMAANFOU;AG4007419;Email;dsi.evc-comores@telma.mg;2694007419;Active
MOUSSAAHMED;AG4010479;Email;dsi.evc-comores@telma.mg;;Active
ASSIMATAISMAILA07;AG4013507;Email;dsi.evc-comores@telma.mg;;Active
SIMTEST;TS4013090;Email;dsi.evc-comores@telma.mg;;Active
FatoumaAhamada;AG4012095;Email;dsi.evc-comores@telma.mg;;Active
MARIAMASAID28;AG4013528;Email;dsi.evc-comores@telma.mg;;Active
MOHAMEDABDOU1;AG4009378;Email;dsi.evc-comores@telma.mg;;Active
IDRISSEISMAELYAHAYA91;ME4012606;Email;dsi.evc-comores@telma.mg;;Active
EPPSALIMANI;ME4012197;Email;dsi.evc-comores@telma.mg;;Active
EPPNTSADJENI;ME4009978;Email;dsi.evc-comores@telma.mg;;Active
AYADEMOHAMEDHOUMADI;TS4004800;Email;dsi.evc-comores@telma.mg;;Active
BACARAHAMADA1;TS4013024;Email;dsi.evc-comores@telma.mg;;Active
ABDULAZIZASSANI;TS4013022;Email;dsi.evc-comores@telma.mg;;Active
ABOUBACARNOURDINE01;ME4010272;Email;dsi.evc-comores@telma.mg;;Active
NAYALSAINDOU;AG4004969;Email;dsi.evc-comores@telma.mg;;Active
FATOUMABACAR1;AG4003482;Email;dsi.evc-comores@telma.mg;;Active
ANRIFAALISAID01;AG4004938;Email;dsi.evc-comores@telma.mg;;Active
FREELANCERAN3;AG4004513;Email;dsi.evc-comores@telma.mg;;Active
MOUNIROUBENDJAMAL;AG4004332;Email;dsi.evc-comores@telma.mg;;Active
FREELANCERAN15;AG4004343;Email;dsi.evc-comores@telma.mg;;Active
HACHIANTIHADHAROUNI01;AG4015679;Email;dsi.evc-comores@telma.mg;;Active
MOUDJITABAHOUMADI01;AG4015680;Email;dsi.evc-comores@telma.mg;;Active
FAOUZIAYOUNOUSSA01;AG4015749;Email;dsi.evc-comores@telma.mg;;Active
DJOUMOIAHAMADADJOUMOI;AG4005240;Email;dsi.evc-comores@telma.mg;;Active
FAHAMIAFARIDDJAMBAE;AG4013432;Email;dsi.evc-comores@telma.mg;;Active
ABDOULHAFOURYOUSSOUF;AG4013510;Email;dsi.evc-comores@telma.mg;;Active
ONRKIYAAHMED;AG4004809;Email;dsi.evc-comores@telma.mg;;Active
NAIROUZIBRAHIM;AG4004804;Email;dsi.evc-comores@telma.mg;;Active
IFHAMAHMEDRAKIB;AG4004795;Email;dsi.evc-comores@telma.mg;;Active
FAIZATIAHAMADA;AG4004729;Email;dsi.evc-comores@telma.mg;;Active
ILDASOIFIDINE94;AG4004814;Email;dsi.evc-comores@telma.mg;;Active
ZALHATAABDILLAH91;AG4003461;Email;dsi.evc-comores@telma.mg;;Active
ANDHOIMOUMADIMOUSSA;AG4010124;Email;dsi.evc-comores@telma.mg;;Active
ZALHATAYOUSSOUF01;AG4004433;Email;dsi.evc-comores@telma.mg;;Active
SOINAENTIABDALLAHSAID;AG4004355;Email;dsi.evc-comores@telma.mg;;Active
ABOUTOIHIALI1;AG4004319;Email;dsi.evc-comores@telma.mg;;Active
SELEMANIFATIMA1;AG4004590;Email;dsi.evc-comores@telma.mg;;Active
FAHAMOEYOUSSOUF1;AG4009926;Email;dsi.evc-comores@telma.mg;;Active
MOHAMEDHOUMADI1;AG4004317;Email;dsi.evc-comores@telma.mg;;Active
ZARANTIBACARIALIMOINDZE;AG4004658;Email;dsi.evc-comores@telma.mg;;Active
TOUMAIBRAHIM;AG4012817;Email;dsi.evc-comores@telma.mg;;Active
SALWAAHAMADA1;AG4004399;Email;dsi.evc-comores@telma.mg;;Active
LEGOBATHEGATE;ME4004646;Email;dsi.evc-comores@telma.mg;;Active
MOHAMEDRACHADI;AG4004623;Email;dsi.evc-comores@telma.mg;;Active
NASSURMBAEMNEMOI;AG4011943;Email;dsi.evc-comores@telma.mg;;Active
ALIAHMEDYOUSSOUF8;AG4011938;Email;dsi.evc-comores@telma.mg;;Active
SITTIFATIMAAHAMED;AG4013875;Email;dsi.evc-comores@telma.mg;;Active
SOIBIRAAHAMADA72;AG4006272;Email;dsi.evc-comores@telma.mg;;Active
HOTELALIBABA;ME4013993;Email;dsi.evc-comores@telma.mg;;Active
HADIDJAABDOUIBRAHIM;AG4013155;Email;dsi.evc-comores@telma.mg;;Active
DICTINEAHMED;AG4012056;Email;dsi.evc-comores@telma.mg;;Active
FREELANCERFAIZDINE;AG4012064;Email;dsi.evc-comores@telma.mg;;Active
CRDE;ME4012977;Email;dsi.evc-comores@telma.mg;;Active
ALIMOHAMEDBOUTIQUE;AG4013995;Email;dsi.evc-comores@telma.mg;;Active
L4004196;L4004196;Email;dsi.evc-comores@telma.mg;;Active
CB2W;AG4012323;Email;dsi.evc-comores@telma.mg;;Active
SITTISAIDALI;AG4008558;Email;dsi.evc-comores@telma.mg;;Active
CHAMSSIDDINEALICHAMS;AG4007414;Email;dsi.evc-comores@telma.mg;;Active
ABOUBACARABDALLAH;AG4005812;Email;dsi.evc-comores@telma.mg;;Active
TSVOLOVOLO400;AG4009397;Email;dsi.evc-comores@telma.mg;;Active
NASSURDINEBAKAR;AG4011690;Email;dsi.evc-comores@telma.mg;;Active
BAHIAYOUSSOUFMONDOHA;AG4005164;Email;dsi.evc-comores@telma.mg;;Active
FRANCHISECORNERBIC;AG4011686;Email;dsi.evc-comores@telma.mg;;Active
ROUKIAISMAEL;AG4013270;Email;dsi.evc-comores@telma.mg;;Active
RASMIYABACAR;AG4012791;Email;dsi.evc-comores@telma.mg;;Active
OMARSIADHOUMADI;AG4006247;Email;dsi.evc-comores@telma.mg;;Active
ANRAFAABOU;AG4008843;Email;dsi.evc-comores@telma.mg;;Active
FAHARIMOHAMEALI;AG4013219;Email;dsi.evc-comores@telma.mg;;Active
RZ4004151;RZ4004151;Email;dsi.evc-comores@telma.mg;;Active
L4004198;L4004198;Email;dsi.evc-comores@telma.mg;;Active
welcomebonuses;TSWBONUS;Email;Nazlye.SAID@telma.km;;Active
ATHOUMANIISSA;ME4011157;Email;dsi.evc-comores@telma.mg;;Active
MIFTAHOUANLIMIFTAHOU;AG4005919;Email;dsi.evc-comores@telma.mg;;Active
SOILIHIIBRAHIMSOILIHI;AG4006751;Email;dsi.evc-comores@telma.mg;;Active
ABDOULHAFOURMZE;AG4009948;Email;dsi.evc-comores@telma.mg;;Active
ABDELAZIZMCHANGAMAABDELAZIZ;AG4005161;Email;dsi.evc-comores@telma.mg;;Active
YOUSSOUFMMADI09;AG4006509;Email;dsi.evc-comores@telma.mg;;Active
NAIMAALIOILI;AG4013920;Email;dsi.evc-comores@telma.mg;;Active
BADROUDINEMMADI;AG4005168;Email;dsi.evc-comores@telma.mg;;Active
BOUTIQUEKAMARIA;ME4012941;Email;dsi.evc-comores@telma.mg;;Active
SAIDMBAESAID;AG4011934;Email;dsi.evc-comores@telma.mg;;Active
ALIMMADI35;AG4011935;Email;dsi.evc-comores@telma.mg;;Active
HAFOUSSOITMOUANDHUI;AG4012075;Email;dsi.evc-comores@telma.mg;;Active
DJABALCLUBICONI;ME4012954;Email;dsi.evc-comores@telma.mg;;Active
DJABALCLUBIC;ME4012955;Email;dsi.evc-comores@telma.mg;;Active
BOUTIQUESAIDNGAZI;ME4012983;Email;dsi.evc-comores@telma.mg;;Active
FAHALITHOUENI;AG4010069;Email;dsi.evc-comores@telma.mg;;Active
ALIANEYOUSSOUFABDALLAH;AG4006105;Email;dsi.evc-comores@telma.mg;;Active
L4004103;L4004103;Email;dsi.evc-comores@telma.mg;;Active
DARKAOUIHOUMADI;AG4005838;Email;dsi.evc-comores@telma.mg;;Active
SOLAIMANAMAROUDHUYA;AG4007646;Email;dsi.evc-comores@telma.mg;;Active
SITTICOMBOIBRAHIM;AG4010322;Email;dsi.evc-comores@telma.mg;;Active
HOUDHAIFIABDOULHAMID;AG4011799;Email;dsi.evc-comores@telma.mg;;Active
HOUROITIHADHIRINA;AG4010414;Email;dsi.evc-comores@telma.mg;;Active
HASSANIABDOULOULOU;AG4005229;Email;dsi.evc-comores@telma.mg;;Active
IDRISSEBACAR;AG4006827;Email;dsi.evc-comores@telma.mg;;Active
AMIRMANSOIBMAVOUNA;AG4006372;Email;dsi.evc-comores@telma.mg;;Active
HAOULATAOUMAR;AG4008185;Email;dsi.evc-comores@telma.mg;;Active
NOURIATAHADJIMDOIHOMA;AG4009289;Email;dsi.evc-comores@telma.mg;;Active
SALOITIFAHIRDINE;AG4010428;Email;dsi.evc-comores@telma.mg;;Active
NABHANECHIBACONABHANE;AG4007403;Email;dsi.evc-comores@telma.mg;;Active
AHAMADAMOHAMEDAHAMADA;AG4005625;Email;dsi.evc-comores@telma.mg;;Active
ELHADMAHAMOUDANLI;AG4006417;Email;dsi.evc-comores@telma.mg;;Active
NOURDINESOUDJAYNOUR;AG4009082;Email;dsi.evc-comores@telma.mg;;Active
ABDOUDJAMILEABDOU;AG4006405;Email;dsi.evc-comores@telma.mg;;Active
NADHOIMATI;AG4006409;Email;dsi.evc-comores@telma.mg;;Active
HAIDAABDALLAH;AG4010055;Email;dsi.evc-comores@telma.mg;;Active
ECOLEDEPECHE1;AG4008303;Email;dsi.evc-comores@telma.mg;;Active
ANFAYTAAHAMADI;AG4013886;Email;dsi.evc-comores@telma.mg;;Active
EPPWANANI;ME4012198;Email;dsi.evc-comores@telma.mg;;Active
EPPCHINDINI;ME4009929;Email;dsi.evc-comores@telma.mg;;Active
BEDJAMHOUSSINE;AG4012093;Email;dsi.evc-comores@telma.mg;;Active
SOULAIMANAMOHAMEDMALIDE;AG4010290;Email;dsi.evc-comores@telma.mg;;Active
ANIMATEURMVOLA;AG4013049;Email;dsi.evc-comores@telma.mg;;Active
FAISSOILALIMLINDE;TS4013027;Email;dsi.evc-comores@telma.mg;;Active
ABOUBENALI;AG4004784;Email;dsi.evc-comores@telma.mg;;Active
ECHATISOULA70;AG4004931;Email;dsi.evc-comores@telma.mg;;Active
HALIDIBACAR1;TS4003496;Email;dsi.evc-comores@telma.mg;;Active
ELAMINEABDOU02;AG4004906;Email;dsi.evc-comores@telma.mg;;Active
RobotKaptivatePC;ME4016823;Email;DSI.Comores@telma.km;;Active
TELCOMFSIN;TELCOMFSIN;Email;etiemene@mfsafrica.com;;Active
IDRISSEISMAEL;AG4005002;Email;dsi.evc-comores@telma.mg;;Active
MERLINEMOHAMED;AG4005883;Email;dsi.evc-comores@telma.mg;;Active
WARDISAIDABDILLAH;ME4012908;Email;dsi.evc-comores@telma.mg;;Active
ANLIDAMAOUYA;AG4011077;Email;dsi.evc-comores@telma.mg;;Active
DALILAIBRAHIM;AG4010879;Email;dsi.evc-comores@telma.mg;;Active
ECHATAALIMSA1;AG4009849;Email;dsi.evc-comores@telma.mg;;Active
WANASCONCERT1;ME4015653;Email;dsi.evc-comores@telma.mg;;Active
FAISSOILMOHAMEDOMAR;AG4009131;Email;dsi.evc-comores@telma.mg;;Active
MAHAMOUDABOUBACAR;AG4006401;Email;dsi.evc-comores@telma.mg;;Active
INCHATIATTOUMANI;AG4007030;Email;dsi.evc-comores@telma.mg;;Active
ABDOULWAHIDASSIAT;AG4010408;Email;dsi.evc-comores@telma.mg;;Active
SAYAMEABDOU;AG4005821;Email;dsi.evc-comores@telma.mg;;Active
TSVOLOVOLO401;AG4010075;Email;dsi.evc-comores@telma.mg;;Active
TSFOUMBOUNI400;AG4009392;Email;dsi.evc-comores@telma.mg;;Active
TSMITSAMIOULI4;AG4009394;Email;dsi.evc-comores@telma.mg;;Active
TSCALTEX400;AG4009396;Email;dsi.evc-comores@telma.mg;;Active
ALIMOHAMEDMED;AG4008213;Email;dsi.evc-comores@telma.mg;;Active
NAELKARIMANLINZA;AG4005831;Email;dsi.evc-comores@telma.mg;;Active
DAROUECHNASSUHA;AG4012810;Email;dsi.evc-comores@telma.mg;;Active
SAIDAHAMADA;AG4009171;Email;dsi.evc-comores@telma.mg;;Active
CHAKIRAABDOU;AG4006121;Email;dsi.evc-comores@telma.mg;;Active
NISSAYABDALLAHHOUMADI;AG4009133;Email;dsi.evc-comores@telma.mg;;Active
SAIDALLAOUIOUMMOKOULOUTHOUMI;AG4000633;Email;dsi.evc-comores@telma.mg;;Active
MOHAMEDAHAMED;AG4007648;Email;dsi.evc-comores@telma.mg;;Active
RATIBATIBACAR;AG4008329;Email;dsi.evc-comores@telma.mg;;Active
FAISSOILIBOURHANI;AG4006324;Email;dsi.evc-comores@telma.mg;;Active
AMINEABDALLAH;AG4008793;Email;dsi.evc-comores@telma.mg;;Active
ANRAFAABDOU;AG4006825;Email;dsi.evc-comores@telma.mg;;Active
MOUZDINEHASSANE;AG4008404;Email;dsi.evc-comores@telma.mg;;Active
AHMEDANISSAANI;AG4005475;Email;dsi.evc-comores@telma.mg;;Active
ZALFATDAOUDOU;AG4005364;Email;dsi.evc-comores@telma.mg;;Active
THAOURATIAHMED;AG4006558;Email;dsi.evc-comores@telma.mg;;Active
ALIMSAIDIERADHUIA04;AG4013504;Email;dsi.evc-comores@telma.mg;;Active
NAZOIRIHADJIRA80;AG4005180;Email;dsi.evc-comores@telma.mg;;Active
ILIASSAMMADIIDJIHADI;AG4006727;Email;dsi.evc-comores@telma.mg;;Active
ANSOIRDAROUECH60;AG4011760;Email;dsi.evc-comores@telma.mg;;Active
FARSYABENALISALIM;AG4011361;Email;dsi.evc-comores@telma.mg;;Active
BUVETTECOCOJEANINE;ME4012922;Email;dsi.evc-comores@telma.mg;;Active
SAIDMATURAFIOUSSENI;AG4013980;Email;dsi.evc-comores@telma.mg;;Active
ISSAYOUSSOUF7;AG4015650;Email;dsi.evc-comores@telma.mg;;Active
FREELANCER2;AG4015645;Email;dsi.evc-comores@telma.mg;;Active
TRURUMAECHA;ME4015708;Email;dsi.evc-comores@telma.mg;;Active
ANCHIFIKAYOUSSOUF;AG4015856;Email;dsi.evc-comores@telma.mg;;Active
ANISSATIALIABDALLAH01;AG4005976;Email;dsi.evc-comores@telma.mg;;Active
TADJOUINEAMBOUDI;TS4013636;Email;dsi.evc-comores@telma.mg;;Active
YOUSSOUFHASSANEYOUSSOUF;AG4010774;Email;dsi.evc-comores@telma.mg;;Active
NEEMAHAMZANEEMA;AG4006162;Email;dsi.evc-comores@telma.mg;;Active
ANKOUBMIRADJIMMADI;AG4011807;Email;dsi.evc-comores@telma.mg;;Active
DALIDATIBRAHIM;AG4010611;Email;dsi.evc-comores@telma.mg;;Active
IDIMOHAMEDADAM;AG4006169;Email;dsi.evc-comores@telma.mg;;Active
SOIDROUABDALLAH;AG4011826;Email;dsi.evc-comores@telma.mg;;Active
NATALIAAHMED;AG4013913;Email;dsi.evc-comores@telma.mg;;Active
SALIMOUANSUFATA52;AG4006952;Email;dsi.evc-comores@telma.mg;;Active
ALIMLINDE44;AG4007244;Email;dsi.evc-comores@telma.mg;;Active
SEFDINEMCHANGAMASEF;AG4011906;Email;dsi.evc-comores@telma.mg;;Active
PCSHOPAEROPORT;ME4012946;Email;dsi.evc-comores@telma.mg;;Active
ABDALLAHCHADILI;AG4006852;Email;dsi.evc-comores@telma.mg;;Active
ZaoudjatiAbdou;AG4012011;Email;dsi.evc-comores@telma.mg;;Active
NASSERABDOUNA;AG4004733;Email;dsi.evc-comores@telma.mg;;Active
KARDIBENHAMADA;AG4010203;Email;dsi.evc-comores@telma.mg;;Active
DHOURIAMAABADIAHAMADA79;AG4013084;Email;dsi.evc-comores@telma.mg;;Active
FAIZAABDOULANZIZ91;AG4004313;Email;dsi.evc-comores@telma.mg;;Active
NADIABOURAHIM83;AG4009380;Email;dsi.evc-comores@telma.mg;;Active
NATHRACHEIKAHMED;AG4004884;Email;dsi.evc-comores@telma.mg;;Active
MARIAMAHAMIDOU83;AG4003493;Email;dsi.evc-comores@telma.mg;;Active
DAOUDBACAR75;AG4004894;Email;dsi.evc-comores@telma.mg;;Active
FRANCHISEDZAHANITSIDJE;ME4013446;Email;dsi.evc-comores@telma.mg;;Active
MOHAMEDSOULEZAHARA;AG4011810;Email;dsi.evc-comores@telma.mg;;Active
ANFOUYINIATHOUMANIANFOU;AG4012771;Email;dsi.evc-comores@telma.mg;;Active
ANTURIYAMSAANTURIYA;AG4007432;Email;dsi.evc-comores@telma.mg;;Active
KARIMHALIMKARIM;AG4006547;Email;dsi.evc-comores@telma.mg;;Active
SALIMRIDJALISALIM;AG4008830;Email;dsi.evc-comores@telma.mg;;Active
HASSANATIAHMEDBENALI;AG4010853;Email;dsi.evc-comores@telma.mg;;Active
IBRAHIMHAMADAYOUSSOUF;AG4006723;Email;dsi.evc-comores@telma.mg;;Active
ZAINATIHAITHOUZAINA;AG4011813;Email;dsi.evc-comores@telma.mg;;Active
IBRAHIMALIHOUMADI01;AG4012701;Email;dsi.evc-comores@telma.mg;;Active
BOURHANEHAMID11;AG4005611;Email;dsi.evc-comores@telma.mg;;Active
ABDELAZIZMCHANGAMA94;AG4005194;Email;dsi.evc-comores@telma.mg;;Active
MOHAMEDKARIBUSANATI3;AG4013483;Email;dsi.evc-comores@telma.mg;;Active
AHMEDHALIDI;AG4007368;Email;dsi.evc-comores@telma.mg;;Active
TOILAENTIANSOYA;AG4013491;Email;dsi.evc-comores@telma.mg;;Active
TADJOUMOUHAMADI;AG4006423;Email;dsi.evc-comores@telma.mg;;Active
ANTICATYMOHAMED;AG4013492;Email;dsi.evc-comores@telma.mg;;Active
MOUSSEMBOUATTOUMANI;AG4013933;Email;dsi.evc-comores@telma.mg;;Active
ALICHARIFOUMRATI;AG4005888;Email;dsi.evc-comores@telma.mg;;Active
SAIDAHMEDCHARIF34;AG4005734;Email;dsi.evc-comores@telma.mg;;Active
ASSOCIATIONMASJIDSOIFA;ME4013004;Email;dsi.evc-comores@telma.mg;;Active
MOCAFE;ME4012924;Email;dsi.evc-comores@telma.mg;;Active
DAROUECHEYASSINE;TS4010215;Email;dsi.evc-comores@telma.mg;;Active
FATIMADAOUD6;AG4004737;Email;dsi.evc-comores@telma.mg;;Active
FAZDASAID89;AG4004967;Email;dsi.evc-comores@telma.mg;;Active
FATIMAOUSSENI01;AG4004824;Email;dsi.evc-comores@telma.mg;;Active
AHMEDYSSOUF;AG4004837;Email;dsi.evc-comores@telma.mg;;Active
YASSERNAOUIROU;AG4004749;Email;dsi.evc-comores@telma.mg;;Active
NOUROUABDILLAH;AG4004966;Email;dsi.evc-comores@telma.mg;;Active
MOHAMEDCHEIKH1;AG4013965;Email;dsi.evc-comores@telma.mg;;Active
FAINAABDOU1;AG4013966;Email;dsi.evc-comores@telma.mg;;Active
HAMADAMMADIASSAD1;ME4004619;Email;dsi.evc-comores@telma.mg;;Active
KAZOUNEASSOUMANI;AG4004601;Email;dsi.evc-comores@telma.mg;;Active
STATIONBOZAMI2;AG4011973;Email;dsi.evc-comores@telma.mg;;Active
KADAFIALI;AG4007724;Email;dsi.evc-comores@telma.mg;;Active
MOUSSAMBAEASSOUMANI;TS4012525;Email;dsi.evc-comores@telma.mg;;Active
POINTDEVENTE999;AG4015634;Email;dsi.evc-comores@telma.mg;;Active
POINTDEVENTE2222;AG4015774;Email;dsi.evc-comores@telma.mg;;Active
FAHADMOHAMEDSAID;AG4004574;Email;dsi.evc-comores@telma.mg;;Active
HAMADAMMADIASSAD2;AG4011965;Email;dsi.evc-comores@telma.mg;;Active
AssiandiBenAli;AG4004909;Email;dsi.evc-comores@telma.mg;;Active
ABDOULHAKIMYOUSSOUFMOINDZE;AG4004547;Email;dsi.evc-comores@telma.mg;;Active
LAYIMEAHMEDMOHAMED;TS4004090;Email;dsi.evc-comores@telma.mg;;Active
MOUSTOIFAALI1;AG4004328;Email;dsi.evc-comores@telma.mg;;Active
INTERFACEPROD2;ME4012975;Email;dsi.evc-comores@telma.mg;;Active
INTERFACEPROD3;ME4011970;Email;dsi.evc-comores@telma.mg;;Active
ABDILLAHCHOUBAYAN;AG4004256;Email;dsi.evc-comores@telma.mg;;Active
CHAMSIDINEAHMED;AG4004506;Email;dsi.evc-comores@telma.mg;;Active
BOINAMZENASSURIAT;AG4015558;Email;dsi.evc-comores@telma.mg;;Active
INCHATIATTOUMANI5;AG4004323;Email;dsi.evc-comores@telma.mg;;Active
FREELANCEUR9;AG4015638;Email;dsi.evc-comores@telma.mg;;Active
FREELANCERAN12;AG4004361;Email;dsi.evc-comores@telma.mg;;Active
FREELANCER19;AG4004354;Email;dsi.evc-comores@telma.mg;;Active
Pointdevente1;AG4015544;Email;dsi.evc-comores@telma.mg;;Active
TESTDSI;AG4009700;Email;abdouroihamane.goulame@telma.km;2694009700;Active
YASOME;YASOME;Email;angela.ramiliharivelonoro@mvola.mg;2694015605;Active
HARIAHAMIDOU1;AG4015586;Email;dsi.evc-comores@telma.mg;;Active
SAIDNASSURBAKARISOILIHI;AG4005052;Email;dsi.evc-comores@telma.mg;;Active
MILDAYOUSSOUF;AG4004262;Email;dsi.evc-comores@telma.mg;;Active
REHEMADAOUD;AG4004522;Email;dsi.evc-comores@telma.mg;;Active
MikidarIsmaela;AG4004518;Email;dsi.evc-comores@telma.mg;;Active
DJAIDA;AG4004512;Email;dsi.evc-comores@telma.mg;;Active
MVOLA;AG4015726;Email;dsi.evc-comores@telma.mg;;Active
POINTDEVENTE33;AG4015670;Email;dsi.evc-comores@telma.mg;;Active
MAHAMOUDNOUHOU;AG4004495;Email;dsi.evc-comores@telma.mg;;Active
ECOLEPRIMAIREPANGAHARIMOIMOI;ME4013857;Email;dsi.evc-comores@telma.mg;;Active
SAIDMOUHDOIRBAKARI;AG4013939;Email;dsi.evc-comores@telma.mg;;Active
MATURAFIABDILLAHMAHAMOUD;AG4012063;Email;dsi.evc-comores@telma.mg;;Active
HADHURAAHMEDMOUHOUDINI;AG4013676;Email;dsi.evc-comores@telma.mg;;Active
SAIDSOILIHIZAKI;AG4011964;Email;dsi.evc-comores@telma.mg;;Active
MAENFOUOUSSENIBACO;AG4004803;Email;dsi.evc-comores@telma.mg;;Active
ZAIDANEAHAMADIREZIDANE;AG4004810;Email;dsi.evc-comores@telma.mg;;Active
PAPATOUTSERVICESARL;ME4013033;Email;dsi.evc-comores@telma.mg;;Active
SAIDAHMED68;AG4003440;Email;dsi.evc-comores@telma.mg;;Active
ASSANEBOURASAIDOMAR;AG4005929;Email;dsi.evc-comores@telma.mg;;Active
ALICOMBOMOUSTAKIMA;AG4004896;Email;dsi.evc-comores@telma.mg;;Active
HASSANIAHAMADAABOUDOU;AG4004882;Email;dsi.evc-comores@telma.mg;;Active
LOUKMANEDARKAOUI;AG4004872;Email;dsi.evc-comores@telma.mg;;Active
FATIMAALISAIDOU;AG4009846;Email;dsi.evc-comores@telma.mg;;Active
TOILHATIABDOU96;ME4009709;Email;dsi.evc-comores@telma.mg;;Active
FATOUMASOILIHI76;AG4004480;Email;dsi.evc-comores@telma.mg;;Active
TESTTEST;ME4004670;Email;dsi.evc-comores@telma.mg;;Active
AMERDINEASSOUMANI01;AG4004609;Email;dsi.evc-comores@telma.mg;;Active
PMTEST01;AG4004534;Email;dsi.evc-comores@telma.mg;;Active
ROUTBATEHAMADI1;AG4015530;Email;dsi.evc-comores@telma.mg;;Active
RAMLAABDALLAH1;AG4015537;Email;dsi.evc-comores@telma.mg;;Active
MAISNMODERNECONSTRUITE1;ME4012120;Email;dsi.evc-comores@telma.mg;;Active
DJAMALAHAMADDJOUMOI;AG4004708;Email;dsi.evc-comores@telma.mg;;Active
MOHAMEDABSOIRMED;AG4006070;Email;dsi.evc-comores@telma.mg;;Active
LAVAGEAUTOETSNACK;ME4013992;Email;dsi.evc-comores@telma.mg;;Active
TEAMLEADERIBRAHIM;ME4012999;Email;dsi.evc-comores@telma.mg;;Active
BOUTIQUEHOUSSAM;ME4012933;Email;dsi.evc-comores@telma.mg;;Active
EPICERIEFAYADHU;ME4012934;Email;dsi.evc-comores@telma.mg;;Active
RESTAURAIONPOISSONDESILESCOMORES;ME4012935;Email;dsi.evc-comores@telma.mg;;Active
ANLOUIWARITHOUADANI;AG4006086;Email;dsi.evc-comores@telma.mg;;Active
DJAMILMOHAMEDSAID;ME4012949;Email;dsi.evc-comores@telma.mg;;Active
ANRIFAMOHAMED;ME4012090;Email;dsi.evc-comores@telma.mg;;Active
ABDALLAHTOIOUILOU;AG4013945;Email;dsi.evc-comores@telma.mg;;Active
ZAHARAALHAYATCREATION;ME4013050;Email;dsi.evc-comores@telma.mg;;Active
MISBAHOUALIMOUIGNI;AG4009698;Email;dsi.evc-comores@telma.mg;;Active
FOURAHIAMIHIDJAHI;AG4010080;Email;dsi.evc-comores@telma.mg;;Active
ZAMERYOUSSOUF;AG4005905;Email;dsi.evc-comores@telma.mg;;Active
NAIMBOURHANE;AG4012072;Email;dsi.evc-comores@telma.mg;;Active
UNDROWACOMORI;ME4012973;Email;dsi.evc-comores@telma.mg;;Active
MAECHAESPOIRMKAZI;ME4012974;Email;dsi.evc-comores@telma.mg;;Active
IBNASHOSES;ME4013038;Email;dsi.evc-comores@telma.mg;;Active
RECYCLART;ME4013039;Email;dsi.evc-comores@telma.mg;;Active
BAZAR;ME4013040;Email;dsi.evc-comores@telma.mg;;Active
NADHOIMHASSANI91;ME4012672;Email;dsi.evc-comores@telma.mg;;Active
DHOULKAOUSAID1;TS4013941;Email;dsi.evc-comores@telma.mg;;Active
NASSURYOUSSOUF84;AG4011876;Email;dsi.evc-comores@telma.mg;;Active
SALIMAMOKADEM;AG4013856;Email;dsi.evc-comores@telma.mg;;Active
SAIDAHMEDMTSAHOI;ME4012667;Email;dsi.evc-comores@telma.mg;;Active
MARIAMAAHAMADA84;AG4009730;Email;dsi.evc-comores@telma.mg;;Active
ALIHOUMADI57;AG4004877;Email;dsi.evc-comores@telma.mg;;Active
MOINAECHAHASSANI02;AG4009818;Email;dsi.evc-comores@telma.mg;;Active
FATIMAOUSSENI03;AG4004796;Email;dsi.evc-comores@telma.mg;;Active
KAMTOINEAHMED;AG4004369;Email;dsi.evc-comores@telma.mg;;Active
SaandaAhamed;AG4004294;Email;dsi.evc-comores@telma.mg;2694004294;Active
SOEUFOUDINEAHAMADA1;AG4011993;Email;dsi.evc-comores@telma.mg;;Active
MOURIMOUDOUFAHAD;ME4012666;Email;dsi.evc-comores@telma.mg;;Active
MOUSTAKIMAHAMADA;AG4013074;Email;dsi.evc-comores@telma.mg;;Active
LAILINABACAR95;ME4013032;Email;dsi.evc-comores@telma.mg;;Active
HOUSNATIHALIDI89;AG4004787;Email;dsi.evc-comores@telma.mg;;Active
Mlozaconstruction;ME4009828;Email;dsi.evc-comores@telma.mg;;Active
HAMADIZALHATA98;AG4009791;Email;dsi.evc-comores@telma.mg;;Active
MOINAHERIALI92;AG4009834;Email;dsi.evc-comores@telma.mg;;Active
FARAHATIYOUSSOUFSAIDOU;AG4009774;Email;dsi.evc-comores@telma.mg;;Active
NOURDAABDOUABDALLAH;AG4004774;Email;dsi.evc-comores@telma.mg;;Active
AMNAAHMEDALI;AG4004832;Email;dsi.evc-comores@telma.mg;;Active
ZAINOUDINEAHAMADA;AG4004584;Email;dsi.evc-comores@telma.mg;;Active
AHMEDBACAR1;AG4004272;Email;dsi.evc-comores@telma.mg;;Active
HADIDJAIBRAHIMNGAZI;AG4004573;Email;dsi.evc-comores@telma.mg;;Active
ECBSSARL;ME4011282;Email;dsi.evc-comores@telma.mg;;Active
HAMADAMMADIASSAD;ME4004268;Email;dsi.evc-comores@telma.mg;;Active
ANFIFAMOHAMED;AG4004533;Email;dsi.evc-comores@telma.mg;;Active
ZAINABAMCHANGAMA;AG4004595;Email;dsi.evc-comores@telma.mg;;Active
FOIRENATIONALEMADEINCOMOROS;ME4004952;Email;dsi.evc-comores@telma.mg;;Active
MAISSARAAHAMADA;AG4004579;Email;dsi.evc-comores@telma.mg;;Active
NADJMASAIDMMADI;AG4004707;Email;dsi.evc-comores@telma.mg;;Active
MMADIYOUSSOUF80;AG4012608;Email;dsi.evc-comores@telma.mg;;Active
FRANCHISEKALYPTUS;ME4013021;Email;dsi.evc-comores@telma.mg;;Active
MARIAMAASSOUMANI;AG4003444;Email;dsi.evc-comores@telma.mg;;Active
TOUHOUFAMMADI93;AG4013062;Email;dsi.evc-comores@telma.mg;;Active
ZELDAALITOIHIR;AG4003442;Email;dsi.evc-comores@telma.mg;;Active
ABDOUARFATA1;AG4004530;Email;dsi.evc-comores@telma.mg;;Active
ZALHATAMAOULIDA1;AG4004585;Email;dsi.evc-comores@telma.mg;;Active
BABOUSAALAMAART;ME4004697;Email;dsi.evc-comores@telma.mg;;Active
MOHAMEDAHMEDSALIM;AG4004515;Email;dsi.evc-comores@telma.mg;;Active
IBRAHIMALI2;AG4011969;Email;dsi.evc-comores@telma.mg;;Active
ITERFACEPROD1;ME4013041;Email;dsi.evc-comores@telma.mg;;Active
MOHAMEDIALI1;AG4004371;Email;dsi.evc-comores@telma.mg;;Active
INTERFACEPROD5;ME4011854;Email;dsi.evc-comores@telma.mg;;Active
SOULAIMANADAOUDOU;AG4004505;Email;dsi.evc-comores@telma.mg;;Active
ABDOULELANZIZMCHANGAMA;AG4004606;Email;dsi.evc-comores@telma.mg;;Active
SALMATABOURHANE;AG4004778;Email;dsi.evc-comores@telma.mg;;Active
HAMZADHUYAOU;AG4004711;Email;dsi.evc-comores@telma.mg;;Active
FARTIMAMMADI1;AG4004673;Email;dsi.evc-comores@telma.mg;;Active
ABDOUSOUMAILA;AG4004508;Email;dsi.evc-comores@telma.mg;;Active
MOHAMEDYOUSSOUF1;AG4010791;Email;dsi.evc-comores@telma.mg;;Active
HAMIDOUNEAHMED;AG4004823;Email;dsi.evc-comores@telma.mg;;Active
MOUSDIKOUDINENIDHOIRE;AG4007366;Email;dsi.evc-comores@telma.mg;;Active
ANRIFDINEABACAR;AG4004996;Email;dsi.evc-comores@telma.mg;;Active
AMINASAIDMOHAMED1;AG4004747;Email;dsi.evc-comores@telma.mg;;Active
RACHIMAMALIDE01;AG4004771;Email;dsi.evc-comores@telma.mg;;Active
ABDOULHALIFACHARIFMOUSSA;AG4004611;Email;dsi.evc-comores@telma.mg;;Active
RZ4004194;RZ4004194;Email;dsi.evc-comores@telma.mg;;Active
FATHYMOUHSINE;AG4006448;Email;dsi.evc-comores@telma.mg;;Active
DJOUMOIIDJABOUMROIVILI;AG4006203;Email;dsi.evc-comores@telma.mg;;Active
DJOULAYEMLAMALIDJOULAYE;AG4006111;Email;dsi.evc-comores@telma.mg;;Active
ROUKIAMMADIYOUSSOUF;AG4013125;Email;dsi.evc-comores@telma.mg;;Active
HOULIATIANASSEHAMIDOUNI;AG4006570;Email;dsi.evc-comores@telma.mg;;Active
ZAMOUENTIMOHAMEDZAMOUENTI;AG4008335;Email;dsi.evc-comores@telma.mg;;Active
MISKIOUSSENIMISKI;AG4012700;Email;dsi.evc-comores@telma.mg;;Active
ZAINOUDINELAGUERA;AG4013451;Email;dsi.evc-comores@telma.mg;;Active
BACORACHIDPC;ME4012950;Email;dsi.evc-comores@telma.mg;;Active
RASSOULDINEFAHARI;AG4005509;Email;dsi.evc-comores@telma.mg;;Active
OMARYMADOUDINE;AG4009974;Email;dsi.evc-comores@telma.mg;;Active
FREELANCERTOUHOUFA;AG4012051;Email;dsi.evc-comores@telma.mg;;Active
FREELANCERABTOIHIA;AG4012057;Email;dsi.evc-comores@telma.mg;;Active
FREELANCERDJALOUDINE;AG4012098;Email;dsi.evc-comores@telma.mg;;Active
faroukomar;AG4004496;Email;dsi.evc-comores@telma.mg;;Active
FOUADVOYAGE;AG4012656;Email;dsi.evc-comores@telma.mg;;Active
AHMEDABDOU3;AG4012023;Email;dsi.evc-comores@telma.mg;;Active
HADIDJAKAAMBI01;AG4004734;Email;dsi.evc-comores@telma.mg;;Active
ACHRAFIAZHAR1;AG4013013;Email;dsi.evc-comores@telma.mg;;Active
EZZATAHAMADIIBRAHIM;AG4004919;Email;dsi.evc-comores@telma.mg;;Active
POINTDEVENTE1111;AG4004671;Email;dsi.evc-comores@telma.mg;;Active
MFSINORAMON;MFSINORAMON;Email;luis.alvarado@orange.com;;Active
MHADJOUTACHIRIFA;AG4013071;Email;dsi.evc-comores@telma.mg;;Active
ABACARAHAMED;AG4004993;Email;dsi.evc-comores@telma.mg;;Active
ANCHATILMOHOUDHOIR;AG4013970;Email;dsi.evc-comores@telma.mg;;Active
ANRDHOINEHOUMADI;AG4013972;Email;dsi.evc-comores@telma.mg;;Active
RASMINEMOHAMED;AG4004618;Email;dsi.evc-comores@telma.mg;;Active
ELHADJIHOUMADI;AG4004953;Email;dsi.evc-comores@telma.mg;;Active
MOIDJOUMOIDJAMBAE;AG4004622;Email;dsi.evc-comores@telma.mg;;Active
IBRAHIMMMADI1;AG4004582;Email;dsi.evc-comores@telma.mg;;Active
SOULDINEABDOU;AG4004920;Email;dsi.evc-comores@telma.mg;2694004920;Active
NOURDINESAID1;AG4004273;Email;dsi.evc-comores@telma.mg;;Active
TAANCHOUROIABOUBACAR;AG4004503;Email;dsi.evc-comores@telma.mg;;Active
THAMNOUEABDALLAH;AG4004274;Email;dsi.evc-comores@telma.mg;;Active
CHARIFAMAHAMOUD1;AG4004337;Email;dsi.evc-comores@telma.mg;;Active
HICHAMDAFINE89;AG4011889;Email;dsi.evc-comores@telma.mg;;Active
LoulouRadjeche;AG4013942;Email;dsi.evc-comores@telma.mg;;Active
MOHAMEDYOUSSOUF88;AG4011888;Email;dsi.evc-comores@telma.mg;;Active
ZAINABAADJILANIMOHAMED;AG4007668;Email;dsi.evc-comores@telma.mg;;Active
RACHADALIDJAE53;AG4013853;Email;dsi.evc-comores@telma.mg;;Active
MOUTIOUMCOLO;AG4013852;Email;dsi.evc-comores@telma.mg;;Active
HASSANIMARIAMA44;AG4013244;Email;dsi.evc-comores@telma.mg;;Active
TADJIDINESOILIHIALI;AG4011908;Email;dsi.evc-comores@telma.mg;;Active
ANTUAISSOUFA;AG4007159;Email;dsi.evc-comores@telma.mg;;Active
MOUDHAMILOUSESSINA;AG4004892;Email;dsi.evc-comores@telma.mg;;Active
AHAMADASAID1;AG4007693;Email;dsi.evc-comores@telma.mg;;Active
AHMEDMSAIDIE;AG4003502;Email;dsi.evc-comores@telma.mg;;Active
MARIEABDOU;AG4004825;Email;dsi.evc-comores@telma.mg;;Active
TOIBRANEAHMED1;AG4004830;Email;dsi.evc-comores@telma.mg;;Active
PEDRODJONE;AG4004255;Email;dsi.evc-comores@telma.mg;;Active
MOUNIRAALIIBRAHIM;AG4004612;Email;dsi.evc-comores@telma.mg;;Active
RZ4004760;RZ4004760;Email;dsi.evc-comores@telma.mg;;Active
SEFDINEMCHANGAMA;ME4012978;Email;dsi.evc-comores@telma.mg;;Active
INFOWEBDIVERS;ME4012962;Email;dsi.evc-comores@telma.mg;;Active
MOUDAINAHAKIMABDOU;AG4012004;Email;dsi.evc-comores@telma.mg;;Active
OUMOURIMMILANEHASSANE;AG4007727;Email;dsi.evc-comores@telma.mg;;Active
YOUSSRAMOHAMEDMMADI;AG4009684;Email;dsi.evc-comores@telma.mg;;Active
BARAKASALIM;AG4004805;Email;dsi.evc-comores@telma.mg;;Active
ARTAOUISALIM;AG4004811;Email;dsi.evc-comores@telma.mg;;Active
SAANDIMZEHAMADI;AG4010648;Email;dsi.evc-comores@telma.mg;;Active
FRANCHISECORNERBICANJ;AG4013741;Email;dsi.evc-comores@telma.mg;;Active
ACHIHADABDALLAHMAHAMOUD;AG4007941;Email;dsi.evc-comores@telma.mg;;Active
ZAMILOUDINEABDOUBACAR;AG4008286;Email;dsi.evc-comores@telma.mg;;Active
KASSIMAHMED77;AG4013477;Email;dsi.evc-comores@telma.mg;;Active
IALYSYLVIEDESIRE;AG4009995;Email;dsi.evc-comores@telma.mg;;Active
YOUSSOUFALIMATOIRI;AG4007642;Email;dsi.evc-comores@telma.mg;;Active
FAYSSOILSOIBAHAMOHAMED;AG4005338;Email;dsi.evc-comores@telma.mg;;Active
MARIEMBAECHAMASSE;AG4005191;Email;dsi.evc-comores@telma.mg;;Active
MHADJOUMOHAMEDMHADJOU;AG4005037;Email;dsi.evc-comores@telma.mg;;Active
OUMAHATIAHAMADA1;AG4004687;Email;dsi.evc-comores@telma.mg;;Active
Pointdevente6;AG4015862;Email;dsi.evc-comores@telma.mg;;Active
Pointdevente9;AG4015864;Email;dsi.evc-comores@telma.mg;;Active
Pointdevente11;AG4015562;Email;dsi.evc-comores@telma.mg;;Active
FATOUMABACARSOILIHI;AG4009689;Email;dsi.evc-comores@telma.mg;;Active
FREELANCERNAZAD;AG4012060;Email;dsi.evc-comores@telma.mg;;Active
FREELANCERALIFADHULI;AG4012061;Email;dsi.evc-comores@telma.mg;;Active
FREELANCERBENAHMED;AG4012062;Email;dsi.evc-comores@telma.mg;;Active
BACARFARDATE41;AG4006541;Email;dsi.evc-comores@telma.mg;;Active
HASSANATIABDOULEMANE;AG4005207;Email;dsi.evc-comores@telma.mg;;Active
NASSUFMOINDJIE;AG4012010;Email;dsi.evc-comores@telma.mg;;Active
MATOIRIALIYOUSSOUF;AG4011948;Email;dsi.evc-comores@telma.mg;;Active
ANDJABIAHAMADA;AG4013884;Email;dsi.evc-comores@telma.mg;;Active
ISMAELABDALLAH02;AG4006402;Email;dsi.evc-comores@telma.mg;;Active
ANLIDAMAOUYA1;AG4013938;Email;dsi.evc-comores@telma.mg;;Active
SALMAAHMEDOUSSENI;AG4010254;Email;dsi.evc-comores@telma.mg;;Active
HOURAYAMOILIMOU;AG4003521;Email;dsi.evc-comores@telma.mg;;Active
MOHAMEDOMARSAID;AG4013974;Email;dsi.evc-comores@telma.mg;;Active
MOHAMEDFAYAD92;AG4003487;Email;dsi.evc-comores@telma.mg;;Active
KARNADJIDANI;AG4013864;Email;dsi.evc-comores@telma.mg;;Active
KASSIMKASTOILANE;AG4004922;Email;dsi.evc-comores@telma.mg;;Active
TACQUIDINESUBIRA;AG4004929;Email;dsi.evc-comores@telma.mg;;Active
MMADIBOINAIDI;AG4009734;Email;dsi.evc-comores@telma.mg;;Active
REHEMAAHAMADI1;AG4004847;Email;dsi.evc-comores@telma.mg;;Active
ANYADHUIARIDHOINE;AG4004271;Email;dsi.evc-comores@telma.mg;;Active
MERLINESOUMAILABENALI;AG4013967;Email;dsi.evc-comores@telma.mg;;Active
YOUSSOUFABDALLA;AG4004636;Email;dsi.evc-comores@telma.mg;;Active
SAIDINADAROUSSI;AG4004373;Email;dsi.evc-comores@telma.mg;;Active
HACHIMEMASSOUNDISOUFFOU;AG4004977;Email;dsi.evc-comores@telma.mg;;Active
CHAMSSIDINEANLIMZE;AG4004610;Email;dsi.evc-comores@telma.mg;;Active
CHAMSSIDINEANLIMZE1;AG4004563;Email;dsi.evc-comores@telma.mg;;Active
SOUDAISSEABDOU;AG4004701;Email;dsi.evc-comores@telma.mg;;Active
COMORESUSONMUSIK;ME4004699;Email;dsi.evc-comores@telma.mg;;Active
AHMEDMSAIDIE78;AG4003501;Email;dsi.evc-comores@telma.mg;;Active
INTERFACEPROD4;ME4011958;Email;dsi.evc-comores@telma.mg;;Active
MAISONMODERNECONSTRUITE;ME4013044;Email;dsi.evc-comores@telma.mg;;Active
MOHAMEDSAIDMMADI;AG4004531;Email;dsi.evc-comores@telma.mg;;Active
ADELAIDMSATOUMANI;AG4004425;Email;dsi.evc-comores@telma.mg;;Active
ANRAFAASSOUMANI;AG4004668;Email;dsi.evc-comores@telma.mg;;Active
ABDOULHAKIMTEMBEABDILLAH1;AG4004710;Email;dsi.evc-comores@telma.mg;;Active
SAMIRATOIOUILOU;AG4004647;Email;dsi.evc-comores@telma.mg;;Active
MOHAMEDMAOULIDA1;AG4013162;Email;dsi.evc-comores@telma.mg;;Active
HACHEMIBENABDOUHASSANE1;AG4004549;Email;dsi.evc-comores@telma.mg;;Active
DAROUSSEMUSSUBAHOU;AG4004359;Email;dsi.evc-comores@telma.mg;;Active
DAROUECHEAHAMEDDAROUECHE;AG4010705;Email;dsi.evc-comores@telma.mg;;Active
FRANCHISEDZAHANI;AG4013445;Email;dsi.evc-comores@telma.mg;;Active
YOUSSOUFIBOUROI;AG4006208;Email;dsi.evc-comores@telma.mg;;Active
RidhoineAttoumane;AG4005210;Email;dsi.evc-comores@telma.mg;;Active
SAIDNADIA;AG4013901;Email;dsi.evc-comores@telma.mg;;Active
SULTANZARKACHEBENATHOUMANIANLI;AG4010865;Email;dsi.evc-comores@telma.mg;;Active
ANRIFAALISAID;TS4004808;Email;dsi.evc-comores@telma.mg;;Active
DAMERDINEMOUHITHOU;AG4004781;Email;dsi.evc-comores@telma.mg;;Active
ALINISSOITI97;ME4012998;Email;dsi.evc-comores@telma.mg;;Active
ADAMDJINASSERBEN;AG4004828;Email;dsi.evc-comores@telma.mg;;Active
YOUMNAABDILAHI;AG4004963;Email;dsi.evc-comores@telma.mg;;Active
SOIFAOUDINEMKOUFOUNDI1;AG4009708;Email;dsi.evc-comores@telma.mg;;Active
HAFIDHOUPAPA;AG4011850;Email;dsi.evc-comores@telma.mg;;Active
DJAMALALI1;AG4011861;Email;dsi.evc-comores@telma.mg;;Active
SOILIHIALIMOHAMED1;AG4011857;Email;dsi.evc-comores@telma.mg;;Active
KALATHOUMISAIDALI;AG4011862;Email;dsi.evc-comores@telma.mg;;Active
ANRICHATIANLI1;AG4004834;Email;dsi.evc-comores@telma.mg;;Active
AMERDINEASSOUMANI;AG4006209;Email;dsi.evc-comores@telma.mg;;Active
RACHIDDJAFFAR;TS4011450;Email;dsi.evc-comores@telma.mg;;Active
NOURDINEABDALLAH43;AG4013943;Email;dsi.evc-comores@telma.mg;;Active
TELCOEXIM;TELCOEXIM;Email;hamadam@eximbank-km.com,ibrahims@eximbank-km.com,tadjidin@eximbank-km.com,ziads@eximbank-km.com,shridhar.d@eximbank-km.com;;Active
OUBEIDILLAHHASSANIABDOU01;AG4005591;Email;dsi.evc-comores@telma.mg;;Active
KARAMAZOUHAIR;AG4004964;Email;dsi.evc-comores@telma.mg;;Active
SOUMAYAISMAEL1;AG4009812;Email;dsi.evc-comores@telma.mg;;Active
TASLIMTHAANLABI;AG4004898;Email;dsi.evc-comores@telma.mg;;Active
NASSUFBACAR1;AG4004899;Email;dsi.evc-comores@telma.mg;;Active
MHADJOUSADJI;AG4009759;Email;dsi.evc-comores@telma.mg;;Active
TOILIHAABDOU;AG4004838;Email;dsi.evc-comores@telma.mg;;Active
FAHAMOEAHAMADA;AG4009762;Email;dsi.evc-comores@telma.mg;;Active
LINKRESTAURANT;ME4012952;Email;dsi.evc-comores@telma.mg;;Active
SANDATABDALLAHMASSONDE;AG4010052;Email;dsi.evc-comores@telma.mg;;Active
ZARNAMOHAMED01;AG4006865;Email;dsi.evc-comores@telma.mg;;Active
4003456;TS4003456;Email;adinani.maissam@telma.km;4003456;Active
SOUNIYABENTABSSE;AG4006147;Email;dsi.evc-comores@telma.mg;;Active
FATIMAHAMADI80;AG4004870;Email;dsi.evc-comores@telma.mg;;Active
NADHIRASAID92;AG4011982;Email;dsi.evc-comores@telma.mg;;Active
MOUSSAAHAMADI1;AG4004891;Email;dsi.evc-comores@telma.mg;;Active
TOIRIKIKAMIL93;AG4011274;Email;dsi.evc-comores@telma.mg;;Active
ZAHARATAAHAMADA93;AG4009729;Email;dsi.evc-comores@telma.mg;;Active
IBRAHIMATTOUMANE;AG4004887;Email;dsi.evc-comores@telma.mg;2694004887;Active
MOHAMEDMOUSSAANASSI;AG4004867;Email;dsi.evc-comores@telma.mg;;Active
BARAKACREATION;ME4009705;Email;dsi.evc-comores@telma.mg;;Active
ISSOUFIHOUMADIOILI1;AG4004943;Email;dsi.evc-comores@telma.mg;;Active
NAFAHATIMADIHOUMADJI;AG4010159;Email;dsi.evc-comores@telma.mg;;Active
HALIMAABDOU1;AG4004982;Email;dsi.evc-comores@telma.mg;;Active
MOUDJITABAOMAR;AG4004948;Email;dsi.evc-comores@telma.mg;;Active
FAYHANESAISMOJHAMED;AG4004721;Email;dsi.evc-comores@telma.mg;;Active
ABOUHARIAIBRAHIM1;AG4004603;Email;dsi.evc-comores@telma.mg;;Active
ZAKIAABDOULLATUF1;AG4004297;Email;dsi.evc-comores@telma.mg;;Active
BACARBENAHMED;AG4004479;Email;dsi.evc-comores@telma.mg;;Active
MAHAMOUDATHOUMANI;AG4009707;Email;dsi.evc-comores@telma.mg;;Active
NASSRATMOHAMED;AG4011868;Email;dsi.evc-comores@telma.mg;;Active
ISMAELSOIFAOI;AG4004857;Email;dsi.evc-comores@telma.mg;;Active
MOUNIRAHAMADI;AG4004840;Email;dsi.evc-comores@telma.mg;;Active
ABDILLAH;AG4004565;Email;dsi.evc-comores@telma.mg;;Active
MARIAMAALISOILIHI01;AG4015742;Email;dsi.evc-comores@telma.mg;;Active
POINTDEVENTE90;AG4013536;Email;dsi.evc-comores@telma.mg;;Active
IBRAHIMSAADICHIONI;TS4012526;Email;dsi.evc-comores@telma.mg;;Active
CHEIKHSALIMMOHAMED;AG4006812;Email;dsi.evc-comores@telma.mg;;Active
IBRAHIMALIIBRAHIM;AG4010605;Email;dsi.evc-comores@telma.mg;;Active
YOUSSOUFALIMATOIRI38;AG4010638;Email;dsi.evc-comores@telma.mg;;Active
IBRAHIMINCHATY;AG4008446;Email;dsi.evc-comores@telma.mg;;Active
FREELANCEURNASRAT;AG4013988;Email;dsi.evc-comores@telma.mg;;Active
FREELANCEURKOUDHOUENTI;AG4013986;Email;dsi.evc-comores@telma.mg;;Active
ZAKIASAIDOMAR;AG4012054;Email;dsi.evc-comores@telma.mg;;Active
FREELANCERALISAIDM;AG4012066;Email;dsi.evc-comores@telma.mg;;Active
FREELANCERDJOUMOI;AG4012094;Email;dsi.evc-comores@telma.mg;;Active
OUMADILAMIA;AG4013891;Email;dsi.evc-comores@telma.mg;;Active
ANRIFATIAHMEDCHADHULI;AG4008505;Email;dsi.evc-comores@telma.mg;;Active
DAROUCHEYASSINE01;ME4010271;Email;dsi.evc-comores@telma.mg;;Active
SALIMAAHMED93;AG4010256;Email;dsi.evc-comores@telma.mg;;Active
ABSOIRALI1;AG4003459;Email;dsi.evc-comores@telma.mg;;Active
FRANCHISENIOUMACHIOI;ME4011270;Email;dsi.evc-comores@telma.mg;;Active
SAOUMIDINEABDOU98;AG4006848;Email;dsi.evc-comores@telma.mg;;Active
HAMIDATSALIM73;AG4008473;Email;dsi.evc-comores@telma.mg;;Active
ROUTBATEHAMADI;AG4010823;Email;dsi.evc-comores@telma.mg;;Active
MOINAECHAHASSANI1;AG4015534;Email;dsi.evc-comores@telma.mg;;Active
ROUKIATNASSUR;AG4004629;Email;dsi.evc-comores@telma.mg;;Active
ABDERMANEBOINAALI;AG4010752;Email;dsi.evc-comores@telma.mg;;Active
NASSUIRMBAE;AG4012028;Email;dsi.evc-comores@telma.mg;;Active
MOHAMEDAHMEDNADHIRATI;AG4009685;Email;dsi.evc-comores@telma.mg;;Active
ASSOUMANICHADIAMJ;AG4011999;Email;dsi.evc-comores@telma.mg;;Active
FREELANCERABDOURAOUF;AG4012058;Email;dsi.evc-comores@telma.mg;;Active
TOUHOUFAMMADI;AG4012076;Email;dsi.evc-comores@telma.mg;;Active
FREELANCERASNAH;AG4012069;Email;dsi.evc-comores@telma.mg;;Active
FREELANCERAHAMEDNAF;AG4012096;Email;dsi.evc-comores@telma.mg;;Active
FREELANCERROUKIAAH;AG4012097;Email;dsi.evc-comores@telma.mg;;Active
CHAFYATALIMBARAKA;AG4010319;Email;dsi.evc-comores@telma.mg;;Active
NADHOIRIBRAHIMALI;ME4013020;Email;dsi.evc-comores@telma.mg;;Active
ZAIDYOUSSOUF;AG4012993;Email;dsi.evc-comores@telma.mg;;Active
ROUKIAMOHAMED91;AG4013892;Email;dsi.evc-comores@telma.mg;;Active
ABANITAIBOUROI;AG4012049;Email;dsi.evc-comores@telma.mg;;Active
ABDALLAHCHAEHOIALI;AG4012033;Email;dsi.evc-comores@telma.mg;;Active
HADHURAFASSUHOU;AG4013855;Email;dsi.evc-comores@telma.mg;;Active
DANISALIM2;AG4011880;Email;dsi.evc-comores@telma.mg;;Active
IBRAHIMALAITHATI;AG4011961;Email;dsi.evc-comores@telma.mg;;Active
FARIZAANTISAID97;AG4004743;Email;dsi.evc-comores@telma.mg;;Active
CHAMSIAAHMED;AG4011374;Email;dsi.evc-comores@telma.mg;;Active
BINTIMAOUDJOUDI;AG4010187;Email;dsi.evc-comores@telma.mg;;Active
MOURAD;AG4013643;Email;dsi.evc-comores@telma.mg;;Active
RZ4004161;RZ4004161;Email;dsi.evc-comores@telma.mg;;Active
ARCHAD1;AG4012301;Email;dsi.evc-comores@telma.mg;;Active
SAIDHAMIDI;TS4012329;Email;dsi.evc-comores@telma.mg;;Active
GRS4003468;GRS4003468;Email;dsi.evc-comores@telma.mg;;Active
L4004761;L4004761;Email;dsi.evc-comores@telma.mg;;Active
HANIAALLAOUI;AG4011139;Email;dsi.evc-comores@telma.mg;;Active
FAIDATIMATCHERO;AG4004541;Email;dsi.evc-comores@telma.mg;;Active
HALIMAHOUMADI1;AG4004627;Email;dsi.evc-comores@telma.mg;;Active
RACHIDDJAFFAR1;TS4010483;Email;dsi.evc-comores@telma.mg;;Active
ELUSEHOUMADI;AG4004566;Email;dsi.evc-comores@telma.mg;;Active
ATTOUMANEHOUMADI1;AG4004326;Email;dsi.evc-comores@telma.mg;;Active
FATOUMADAMIR1;AG4004543;Email;dsi.evc-comores@telma.mg;;Active
L4004184;L4004184;Email;dsi.evc-comores@telma.mg;;Active
MOHAMEDMONANDROMOHAMED;AG4006094;Email;dsi.evc-comores@telma.mg;;Active
ABDOUCHAKOURIMAMOU01;AG4015686;Email;dsi.evc-comores@telma.mg;;Active
DTONE;DTONE;Email;mahefa.razafinirina@mvola.mg;2694110253;Active
MOUZOULATIAHAMED;AG4004436;Email;dsi.evc-comores@telma.mg;;Active
POINTDEVENTE500;AG4015871;Email;dsi.evc-comores@telma.mg;;Active
ALIMOHAMED01;AG4015877;Email;dsi.evc-comores@telma.mg;;Active
SALIMSOIBAHA01;AG4015916;Email;dsi.evc-comores@telma.mg;;Active
ELARIFMDAHOMA01;AG4015702;Email;dsi.evc-comores@telma.mg;;Active
POINTDEVENTE56;AG4015951;Email;dsi.evc-comores@telma.mg;;Active
AMRIADEDAHILOUNE01;AG4004509;Email;dsi.evc-comores@telma.mg;;Active
HACHIMIAMOHAMED01;AG4015771;Email;dsi.evc-comores@telma.mg;;Active
BOINAHASSANI1;AG4004689;Email;dsi.evc-comores@telma.mg;;Active
BDC1;AG4010357;Email;Abdouroihamane.Goulame@telma.km;;Active
YNZATIAHMED;AG4015904;Email;dsi.evc-comores@telma.mg;;Active
SOIBNATBOUSTOINE01;AG4011285;Email;dsi.evc-comores@telma.mg;;Active
EXIMBANKRECHARGE;AG4010359;Email;Financekm@eximbank-km.com;2694010359;Active
TELCOTHUNES;TELCOTHUNES;Email;mahefa.razafinirina@mvola.mg;;Active
YASAIRTIME;YASAIRTIME;Email;Abdouroihamane.Goulame@yas.km;;Active
POINTDEVENTE00078;ME4011765;Email;dsi.evc-comores@telma.mg;;Active
SAWIYATISOUFOU;AG4004353;Email;dsi.evc-comores@telma.mg;;Active
Pointdevente;AG4015649;Email;dsi.evc-comores@telma.mg;;Active
TelcoLoanPenalty;LMSPenalty;Email;omarabdoulhaliki.abdoullah@mvola.km;;Active
TELCOIMTSWITCH;TELCOIMTSWTH;Email;mahefa.razafinirina@mvola.mg;;Active
ANKIBA;ANKIBA;Email;angela.ramiliharivelonoro@mvola.mg;;Active
TelcoLoanDisburse;LMSDisburs;Email;omarabdoulhaliki.abdoullah@mvola.km;;Active
TelcoLoanGlobalWallet;LMSGlobal;Email;omarabdoulhaliki.abdoullah@mvola.km;;Active
AHAMEDATTOUMANI;AG4004374;Email;dsi.evc-comores@telma.mg;;Active
SAKINAAHAMADA1;AG4004665;Email;dsi.evc-comores@telma.mg;;Active
DJOUMOUENTISOUNIHADJI;AG4004945;Email;dsi.evc-comores@telma.mg;;Active
POINTDEVENTE58;AG4015631;Email;dsi.evc-comores@telma.mg;;Active
POINTDEVENT98;AG4015662;Email;dsi.evc-comores@telma.mg;;Active
POINTDEVENTE801;AG4015663;Email;dsi.evc-comores@telma.mg;;Active
RHHOLDCO;EN4014194;Email;ahamada.koudra@yas.km;2694014194;Active
TelcoLoanservicefeewallet;LMSservice;Email;OmarAbdoulhaliki.Abdoullah@mvola.km;;Active
DHOIMOUROITIMAANFOU1;AG4013550;Email;dsi.evc-comores@telma.mg;;Active
AMBDOURAOUFALIDJAE;AG4004663;Email;dsi.evc-comores@telma.mg;;Active
SAMIMYOUSSOUF;AG4004705;Email;dsi.evc-comores@telma.mg;;Active
DeviceFinancingComoros;DEVICEFIN;Email;angela.ramiliharivelonoro@mvola.mg;2694015605;Active
PDVSIM0;AG4015674;Email;dsi.evc-comores@telma.mg;;Active
PCBAECPRO;ME4015999;Email;dsi.evc-comores@telma.mg;;Active
YOUSSOUFMLATAMOU01;AG4015541;Email;dsi.evc-comores@telma.mg;;Active
Papatoutservice;EN4004860;Email;dsi.evc-comores@telma.mg;;Active
TelcoLoanInterest;LMSInterest;Email;omarabdoulhaliki.abdoullah@mvola.km;;Active
MLANOAMINA01;AG4015620;Email;dsi.evc-comores@telma.mg;;Active
PREPAYNATION;AG4010354;Email;mdilig@prepaynation.com;;Active
FAHARIABOINABILAL01;AG4015630;Email;dsi.evc-comores@telma.mg;;Active
YOUSSOUFSAIDMBAE01;AG4015707;Email;dsi.evc-comores@telma.mg;;Active
ComoresenLigne1;AG4010352;Email;contact@comores-en-ligne.fr;;Active
ABOULHAIRIMOHAMED;AG4004521;Email;dsi.evc-comores@telma.mg;;Active
DhoihardaAhamadi;AG4004333;Email;dsi.evc-comores@telma.mg;;Active
FREELANCERAN21;AG4004376;Email;dsi.evc-comores@telma.mg;;Active
HAFEDHEAZHARIR01;AG4004507;Email;dsi.evc-comores@telma.mg;;Active
AMBEDELROIBIAHMED01;AG4015704;Email;dsi.evc-comores@telma.mg;;Active
MOINDJOUMOIMZEMOUIGNI;AG4004572;Email;dsi.evc-comores@telma.mg;;Active
POINTDEVENTE7777;AG4015775;Email;dsi.evc-comores@telma.mg;;Active
POINTDEVENTES111;AG4015273;Email;dsi.evc-comores@telma.mg;;Active
MOINDJOUMOIMZE01;AG4004553;Email;dsi.evc-comores@telma.mg;;Active
AHMEDNASSUR01;AG4015735;Email;dsi.evc-comores@telma.mg;;Active
