NOM;SHORTCODE;PREFERREDCHANNEL;PREFEREDEMAIL;STATUS;PHONE
L4004084;L4004084;Email;dsi.evc-comores@telma.mg;Active;2694004084
L4004118;L4004118;Email;dsi.evc-comores@telma.mg;Active;2694004118
TRZ4004310;TRZ4004310;Email;dsi.evc-comores@telma.mg;Active;2694004310
TSDOMONI;TS4007495;Email;asdjad.HOUSSEN@mvola.km;Active;2694007495
MECKMUTSAMUDUSIEGE;TO4007476;Email;dsi.evc-comores@telma.mg;Active;2694007476
L4004227;L4004227;Email;dsi.evc-comores@telma.mg;Active;2694004227
MECKMUTSAMUDUSIEGE1;SA4007759;Email;dsi.evc-comores@telma.mg;Active;2694007759
TGRS4003429;TGRS4003429;Email;dsi.evc-comores@telma.mg;Active;2694003429
MECKFOUMBOUNI;TO4007533;Email;dsi.evc-comores@telma.mg;Active;2694007533
L4004225;L4004225;Email;dsi.evc-comores@telma.mg;Active;2694004225
DJAMALILAYLI;AG4007579;Email;dsi.evc-comores@telma.mg;Active;2694007579
RZ4004230;RZ4004230;Email;dsi.evc-comores@telma.mg;Active;2694004230
GRS4003381;GRS4003381;Email;dsi.evc-comores@telma.mg;Active;2694003381
L4004229;L4004229;Email;dsi.evc-comores@telma.mg;Active;2694004229
L4004232;L4004232;Email;dsi.evc-comores@telma.mg;Active;2694004232
LIV4004308;LIV4004308;Email;nolalaina.andriambololoson@telma.mg;Active;2694004308
ASSURANCECOURTAGEFINANCE;AG4008040;Email;dsi.evc-comores@telma.mg;Active;2694008040
TSVOLOVOLO;TS4006673;Email;asdjad.HOUSSEN@mvola.km;Active;2694006673
TSHQM;TS4006674;Email;asdjad.HOUSSEN@mvola.km;Active;2694006674
TSMUTSAMUD;TS4006676;Email;asdjad.HOUSSEN@mvola.km;Active;2694006676
MITSAMIHOULIYASSTORE;TS4006677;Email;asdjad.HOUSSEN@mvola.km;Active;2694006677
TSFOMBONI;TS4006678;Email;asdjad.HOUSSEN@mvola.km;Active;2694006678
TSCALTEX;TS4006679;Email;asdjad.HOUSSEN@mvola.km;Active;2694006679
SDGEG;TO4004309;Email;dsi.evc-comores@telma.mg;Active;2694004309
GRS4003369;GRS4003369;Email;dsi.evc-comores@telma.mg;Active;2694003369
SHOPTEST;TS4008954;Email;dsi.evc-comores@telma.mg;Active;2694008954
TELCOMONEY;AG4628420;Email;dsi.evc-comores@telma.mg;Active;2694628420
GRS4003382;GRS4003382;Email;dsi.evc-comores@telma.mg;Active;2694003382
RZ4004094;RZ4004094;Email;dsi.evc-comores@telma.mg;Active;2694004094
RZ4004246;RZ4004246;Email;dsi.evc-comores@telma.mg;Active;2694004246
MADIMOEGNE;AG4010121;Email;dsi.evc-comores@telma.mg;Active;2694010121
VOLOVOLOYASSTORE;TS4008277;Email;asdjad.HOUSSEN@mvola.km;Active;2694008277
ANISSEBOUNIANE;AG4011496;Email;dsi.evc-comores@telma.mg;Active;2694011496
TESTBWWBEXIMAVI;TS4007436;Email;dsi.evc-comores@telma.mg;Active;2694007436
TGRS4003354;TGRS4003354;Email;dsi.evc-comores@telma.mg;Active;2694003354
RZ4004167;RZ4004167;Email;dsi.evc-comores@telma.mg;Active;2694004167
FAROUKOUMZEMBABA;AG4006384;Email;dsi.evc-comores@telma.mg;Active;2694006384
ABSOIRABDALLAHABSOIR;AG4010437;Email;dsi.evc-comores@telma.mg;Active;2694010437
ZAINABASOILIHIZAINA;AG4013429;Email;dsi.evc-comores@telma.mg;Active;2694013429
MIRSOIDIABDOU;AG4010220;Email;dsi.evc-comores@telma.mg;Active;2694010220
AHAMADADJADAOUIAHAMADA;AG4007303;Email;dsi.evc-comores@telma.mg;Active;2694007303
MOUSTOIFAMMADIMOINDZE;AG4006761;Email;dsi.evc-comores@telma.mg;Active;2694006761
ARDANEAHAMADIARDANE;AG4009192;Email;dsi.evc-comores@telma.mg;Active;2694009192
DAHALANEATHOUMANI;TS4006230;Email;dsi.evc-comores@telma.mg;Active;2694006230
FAHADALI;TS4006232;Email;dsi.evc-comores@telma.mg;Active;2694006232
HASSANIYOUSSOUF;TS4006157;Email;dsi.evc-comores@telma.mg;Active;2694006157
FAYSSOILAHMED;TS4005121;Email;dsi.evc-comores@telma.mg;Active;2694005121
HASSANIIBRAHIMHASSANI;AG4006030;Email;dsi.evc-comores@telma.mg;Active;2694006030
BluecornerShop;ME4010953;Email;dsi.evc-comores@telma.mg;Active;2694010953
YOUSSOUFATHOUMANIYOUSSOUF;AG4010680;Email;dsi.evc-comores@telma.mg;Active;2694010680
NAILATIAHAMDANAILATI;AG4013268;Email;dsi.evc-comores@telma.mg;Active;2694013268
MUSTOIHYOUSSOUFMUSTOIH;AG4005421;Email;dsi.evc-comores@telma.mg;Active;2694005421
INZOUDINENADJIDOU;AG4006050;Email;dsi.evc-comores@telma.mg;Active;2694006050
MOHAMEDABDOUMOHAMED;AG4013441;Email;dsi.evc-comores@telma.mg;Active;2694013441
MHOUMADIHADIDJAMHOUMADI;AG4005566;Email;dsi.evc-comores@telma.mg;Active;2694005566
HADIASAHONDRAHADIA;AG4005980;Email;dsi.evc-comores@telma.mg;Active;2694005980
ILIASSAMZEILIASSA;AG4007420;Email;dsi.evc-comores@telma.mg;Active;2694007420
OULFATAMMADIOULFATA;AG4006479;Email;dsi.evc-comores@telma.mg;Active;2694006479
MARIAMAALIBACAR;AG4010007;Email;dsi.evc-comores@telma.mg;Active;2694010007
ABTOIHIYOUSAIDALI;AG4007404;Email;dsi.evc-comores@telma.mg;Active;2694007404
DJAFFARALIISSA;AG4012824;Email;dsi.evc-comores@telma.mg;Active;2694012824
ATHOUMANIAHAMADAATHOUMANI;AG4006737;Email;dsi.evc-comores@telma.mg;Active;2694006737
org6;SA4006318;Email;dsi.evc-comores@telma.mg;Active;2694006318
TGRS4003392;TGRS4003392;Email;dsi.evc-comores@telma.mg;Active;2694003392
SOUONDIOUSSENI;AG4005870;Email;dsi.evc-comores@telma.mg;Active;2694005870
KASSUDADJANFAR;AG4006688;Email;dsi.evc-comores@telma.mg;Active;2694006688
MADICHARAFDINEMADI;AG4013152;Email;dsi.evc-comores@telma.mg;Active;2694013152
L4004080;L4004080;Email;dsi.evc-comores@telma.mg;Active;2694004080
Org33;TO4009522;Email;dsi.evc-comores@telma.mg;Active;2694009522
RZ4004122;RZ4004122;Email;dsi.evc-comores@telma.mg;Active;2694004122
NAOUFALBOURHANE;AG4007406;Email;dsi.evc-comores@telma.mg;Active;2694007406
ABDOULHASSANE;AG4006242;Email;dsi.evc-comores@telma.mg;Active;2694006242
TADJIMINEAHMED;AG4010443;Email;dsi.evc-comores@telma.mg;Active;2694010443
TGRS4003355;TGRS4003355;Email;dsi.evc-comores@telma.mg;Active;2694003355
TESTBWWBEXIMTSHOP;TS4007434;Email;dsi.evc-comores@telma.mg;Active;2694007434
L4004203;L4004203;Email;dsi.evc-comores@telma.mg;Active;2694004203
L4004207;L4004207;Email;dsi.evc-comores@telma.mg;Active;2694004207
TGRS4003394;TGRS4003394;Email;dsi.evc-comores@telma.mg;Active;2694003394
TGRS4003370;TGRS4003370;Email;dsi.evc-comores@telma.mg;Active;2694003370
RZ4004126;RZ4004126;Email;dsi.evc-comores@telma.mg;Active;2694004126
Oussam;TS4012210;Email;dsi.evc-comores@telma.mg;Active;2694012210
ANTHOUMANEMOUTUON;AG4006418;Email;dsi.evc-comores@telma.mg;Active;2694006418
INCHATIBINTIALLAOUI;AG4006410;Email;dsi.evc-comores@telma.mg;Active;2694006410
MCHANGAMAMOHAMEDMCHANGAMA;AG4013255;Email;dsi.evc-comores@telma.mg;Active;2694013255
HADIDJADJOUMOIHADIDJA;AG4005737;Email;dsi.evc-comores@telma.mg;Active;2694005737
MBAEALIMBAEALI;AG4006132;Email;dsi.evc-comores@telma.mg;Active;2694006132
DHOIRIFATIISSOUFFIDHOIRI;AG4006840;Email;dsi.evc-comores@telma.mg;Active;2694006840
YOUSSOUFMAHAMOUDYUSSOUF;AG4005552;Email;dsi.evc-comores@telma.mg;Active;2694005552
TSFOMBONI400;AG4006731;Email;dsi.evc-comores@telma.mg;Active;2694006731
TGRS4003396;TGRS4003396;Email;dsi.evc-comores@telma.mg;Active;2694003396
TGRS4003398;TGRS4003398;Email;dsi.evc-comores@telma.mg;Active;2694003398
Amed;TS4012211;Email;dsi.evc-comores@telma.mg;Active;2694012211
RAKIBOUIBRAHIM1;TS4010155;Email;dsi.evc-comores@telma.mg;Active;2694010155
DJANFARKASSUDA;AG4010123;Email;dsi.evc-comores@telma.mg;Active;2694010123
SOILIHICHAARANIHILMA;AG4010762;Email;dsi.evc-comores@telma.mg;Active;2694010762
GHOUFRANEABOUHOUSSENI;AG4007029;Email;dsi.evc-comores@telma.mg;Active;2694007029
ARLETTEIBRAHIM;AG4007381;Email;dsi.evc-comores@telma.mg;Active;2694007381
SHOPHQ400;AG4009398;Email;dsi.evc-comores@telma.mg;Active;2694009398
HAIRIDINECHARAFA;AG4005873;Email;dsi.evc-comores@telma.mg;Active;2694005873
RASOARIVELOEPAHAMEDLALAONIRINA;AG4008500;Email;dsi.evc-comores@telma.mg;Active;2694008500
AHMEDPAPAMBAE;ME4013421;Email;dsi.evc-comores@telma.mg;Active;2694013421
SARAANTISAIDSARA;AG4006619;Email;dsi.evc-comores@telma.mg;Active;2694006619
AHMEDKHATYBEAHMED;AG4012811;Email;dsi.evc-comores@telma.mg;Active;2694012811
YOUSSOUFALIYOUSSOUF;AG4009697;Email;dsi.evc-comores@telma.mg;Active;2694009697
RADJABOUHALIFARADJABOU;AG4005253;Email;dsi.evc-comores@telma.mg;Active;2694005253
DANIELISLAM2;AG4007067;Email;dsi.evc-comores@telma.mg;Active;2694007067
ALIABDOUSIDI1;TS4013400;Email;dsi.evc-comores@telma.mg;Active;2694013400
SHOPHQ;AG4010057;Email;dsi.evc-comores@telma.mg;Active;2694010057
MAHAMOUDALIISLAHI;AG4012354;Email;dsi.evc-comores@telma.mg;Active;2694012354
ISMAELMSAIDIEMOUSSA;AG4006137;Email;dsi.evc-comores@telma.mg;Active;2694006137
ALIMOURIDSAID;AG4013252;Email;dsi.evc-comores@telma.mg;Active;2694013252
MARIAMAYOUSSOUFMARIAMA;AG4007330;Email;dsi.evc-comores@telma.mg;Active;2694007330
MADIDJAMALMADI;AG4006725;Email;dsi.evc-comores@telma.mg;Active;2694006725
MMADIOMAR;AG4009975;Email;dsi.evc-comores@telma.mg;Active;2694009975
YOUSSOUFMMADIMOHAMED;AG4013200;Email;dsi.evc-comores@telma.mg;Active;2694013200
ATTOUMANIBENABDALLAH;AG4006847;Email;dsi.evc-comores@telma.mg;Active;2694006847
AHMEDABDOU;TS4006218;Email;dsi.evc-comores@telma.mg;Active;2694006218
CHARLOTTEMARIJANE;AG4010441;Email;dsi.evc-comores@telma.mg;Active;2694010441
HUMBLOTEVELINEREMOND;AG4012375;Email;dsi.evc-comores@telma.mg;Active;2694012375
MOIDJIEANRAFAT;AG4013150;Email;dsi.evc-comores@telma.mg;Active;2694013150
L4004202;L4004202;Email;dsi.evc-comores@telma.mg;Active;2694004202
L4004206;L4004206;Email;dsi.evc-comores@telma.mg;Active;2694004206
RZ4004244;RZ4004244;Email;dsi.evc-comores@telma.mg;Active;2694004244
Projetfiletssociaux;EN4012195;Email;dnafp@pfss-comores.org;Active;2694012195
DJOUMOIYOUSSOUF;AG4011770;Email;dsi.evc-comores@telma.mg;Active;2694011770
MAHAMOUDYAHAYA;AG4007288;Email;dsi.evc-comores@telma.mg;Active;2694007288
MERCHANTMDMOI;TO4000000;Email;dsi.evc-comores@telma.mg;Active;2694000000
BANQUETEST;SA4008955;Email;dsi.evc-comores@telma.mg;Active;2694008955
L4004240;L4004240;Email;dsi.evc-comores@telma.mg;Active;2694004240
ABACARSOUONDI;AG4010407;Email;dsi.evc-comores@telma.mg;Active;2694010407
MSOILIHACHIMIA;AG4007704;Email;dsi.evc-comores@telma.mg;Active;2694007704
DHANOUNESAINDOUDHAN;AG4010429;Email;dsi.evc-comores@telma.mg;Active;2694010429
MANSOURCHAKIR;AG4010531;Email;dsi.evc-comores@telma.mg;Active;2694010531
ABDOURAHAMANEALLAOUI;AG4005805;Email;dsi.evc-comores@telma.mg;Active;2694005805
DJANFARNAKIDI;AG4012365;Email;dsi.evc-comores@telma.mg;Active;2694012365
CHEIKHALIMOUSTOIFA;AG4010801;Email;dsi.evc-comores@telma.mg;Active;2694010801
CHARCANZEZOUBOUDOU;AG4013426;Email;dsi.evc-comores@telma.mg;Active;2694013426
AHAMADAMADIHAMADA;AG4005193;Email;dsi.evc-comores@telma.mg;Active;2694005193
HACHIMSAIDSOILIHMOHAMEDDJAWAD;AG4006193;Email;dsi.evc-comores@telma.mg;Active;2694006193
L4004095;L4004095;Email;dsi.evc-comores@telma.mg;Active;2694004095
ANRCHIDINEIBRAHIM;AG4011481;Email;dsi.evc-comores@telma.mg;Active;2694011481
LOUKMANEALIMOUMINE;AG4007701;Email;dsi.evc-comores@telma.mg;Active;2694007701
HASSANEAHAMADAHSS;AG4006354;Email;dsi.evc-comores@telma.mg;Active;2694006354
MOURADAHMEDKASSIM;AG4005770;Email;dsi.evc-comores@telma.mg;Active;2694005770
ALIBINTI;AG4011676;Email;dsi.evc-comores@telma.mg;Active;2694011676
TAISSIRIAHAMEDTAISSIRI;AG4005460;Email;dsi.evc-comores@telma.mg;Active;2694005460
MOINAHAMISSIDAOUDMADI;AG4006777;Email;dsi.evc-comores@telma.mg;Active;2694006777
ABDOURAHMANEIBRAHIMABDOU;AG4009060;Email;dsi.evc-comores@telma.mg;Active;2694009060
FATIMAMZEMOUIGNI;AG4005972;Email;dsi.evc-comores@telma.mg;Active;2694005972
MARIAMAMOUIGNIALI;AG4007296;Email;dsi.evc-comores@telma.mg;Active;2694007296
SANGAZAALIMSILIE;AG4006810;Email;dsi.evc-comores@telma.mg;Active;2694006810
OUNAYSYSMAEL1;AG4008300;Email;dsi.evc-comores@telma.mg;Active;2694008300
BOUTIQUEZARA;ME4012915;Email;dsi.evc-comores@telma.mg;Active;2694012915
BAKARIHOUSNATIBAKARI;AG4007276;Email;dsi.evc-comores@telma.mg;Active;2694007276
TGRS4003360;TGRS4003360;Email;dsi.evc-comores@telma.mg;Active;2694003360
GRS4003383;GRS4003383;Email;dsi.evc-comores@telma.mg;Active;2694003383
GRS4003418;GRS4003418;Email;dsi.evc-comores@telma.mg;Active;2694003418
LIV4004245;LIV4004245;Email;dsi.evc-comores@telma.mg;Active;2694004245
KELDIMOHAMED;TS4006251;Email;dsi.evc-comores@telma.mg;Active;2694006251
L4004215;L4004215;Email;dsi.evc-comores@telma.mg;Active;2694004215
L4004219;L4004219;Email;dsi.evc-comores@telma.mg;Active;2694004219
AHAMADAHASSANE;AG4010815;Email;dsi.evc-comores@telma.mg;Active;2694010815
MOUSTADRANEMAHAMOUD;AG4005512;Email;dsi.evc-comores@telma.mg;Active;2694005512
REHEMASAID;AG4006227;Email;dsi.evc-comores@telma.mg;Active;2694006227
ARMYAMOURIDIAR;AG4010824;Email;dsi.evc-comores@telma.mg;Active;2694010824
IDRISSEMOHAMEDIDRISSE;AG4007285;Email;dsi.evc-comores@telma.mg;Active;2694007285
ANRAFATMOUSSAANRAFAT;AG4005729;Email;dsi.evc-comores@telma.mg;Active;2694005729
FATIMAAHAMADAFATI;AG4013169;Email;dsi.evc-comores@telma.mg;Active;2694013169
NARNISSESAIDALI;AG4005462;Email;dsi.evc-comores@telma.mg;Active;2694005462
SOIFIAIBRAHIMMLAZEMA;AG4010804;Email;dsi.evc-comores@telma.mg;Active;2694010804
ANRIFANEBOINAANRIFANE;AG4010581;Email;dsi.evc-comores@telma.mg;Active;2694010581
ASMAHANEMHADJIASMA;AG4005057;Email;dsi.evc-comores@telma.mg;Active;2694005057
L4004210;L4004210;Email;dsi.evc-comores@telma.mg;Active;2694004210
KARIMMOHAMEDSAID1;TS4012214;Email;dsi.evc-comores@telma.mg;Active;2694012214
ALICHAMSSIDINEALI;AG4010404;Email;dsi.evc-comores@telma.mg;Active;2694010404
ZARDATMOUSSAZARDAT;AG4009920;Email;dsi.evc-comores@telma.mg;Active;2694009920
DJANFARNAKIDIDJANFAR;AG4013265;Email;dsi.evc-comores@telma.mg;Active;2694013265
ABDOUANZALIHAIRIA;AG4013177;Email;dsi.evc-comores@telma.mg;Active;2694013177
YOUSSOUFMOHAMEDSOILIHI;AG4005706;Email;dsi.evc-comores@telma.mg;Active;2694005706
MGOMRIMDJASSIRIABDEREMANE;AG4006027;Email;dsi.evc-comores@telma.mg;Active;2694006027
NASSURFAIZA;AG4008756;Email;dsi.evc-comores@telma.mg;Active;2694008756
ABIABDOUMMADI;AG4013214;Email;dsi.evc-comores@telma.mg;Active;2694013214
FATOUMIAHASSANI;AG4005109;Email;dsi.evc-comores@telma.mg;Active;2694005109
ALIBOINAHILAALI;AG4005598;Email;dsi.evc-comores@telma.mg;Active;2694005598
MOHAMEDHOUMADIMOHAMED;AG4005935;Email;dsi.evc-comores@telma.mg;Active;2694005935
ZAENMEDARKAOUIZAENME;AG4005861;Email;dsi.evc-comores@telma.mg;Active;2694005861
HASSANIMMADIHASSANI;AG4013190;Email;dsi.evc-comores@telma.mg;Active;2694013190
TGRS4003356;TGRS4003356;Email;dsi.evc-comores@telma.mg;Active;2694003356
NASSURDINEAHMEDABDOU;AG4013181;Email;dsi.evc-comores@telma.mg;Active;2694013181
HalimaMbarakaAbou;AG4005481;Email;dsi.evc-comores@telma.mg;Active;2694005481
COMBOAHAMEDD;AG4006883;Email;dsi.evc-comores@telma.mg;Active;2694006883
ABACARSOUOND;AG4005479;Email;dsi.evc-comores@telma.mg;Active;2694005479
MOHAMEDSAIDSAMIRAT;AG4010677;Email;dsi.evc-comores@telma.mg;Active;2694010677
DRHFITNESS;ME4013535;Email;dsi.evc-comores@telma.mg;Active;2694013535
BOINAIDIMMADI;AG4007287;Email;dsi.evc-comores@telma.mg;Active;2694007287
RACHIDAHMED;AG4006752;Email;dsi.evc-comores@telma.mg;Active;2694006752
FAOUZIASALIMFAOU;AG4006775;Email;dsi.evc-comores@telma.mg;Active;2694006775
ZAINROUATTOUMANE;AG4010572;Email;dsi.evc-comores@telma.mg;Active;2694010572
AHAMEDMALIDEAHAMED;AG4006415;Email;dsi.evc-comores@telma.mg;Active;2694006415
IBRAHIMYOUSSOUFALI;AG4010773;Email;dsi.evc-comores@telma.mg;Active;2694010773
SAANDATEBENSAID;AG4008589;Email;dsi.evc-comores@telma.mg;Active;2694008589
ALIISSIHAKAAHAMADA;AG4013500;Email;dsi.evc-comores@telma.mg;Active;2694013500
MOHAMEDRAFIKHMOHAMEDCHAKIR;AG4007729;Email;dsi.evc-comores@telma.mg;Active;2694007729
SOCIETEMADJOUANESARL;ME4012912;Email;dsi.evc-comores@telma.mg;Active;2694012912
ABDILLAHCOMBOABDILLAH;AG4007066;Email;dsi.evc-comores@telma.mg;Active;2694007066
ABDOUSALAMBENSAID;TS4006231;Email;dsi.evc-comores@telma.mg;Active;2694006231
ABOUBACARATHOUMANI;TS4006250;Email;dsi.evc-comores@telma.mg;Active;2694006250
ALIABDOU;TS4006155;Email;dsi.evc-comores@telma.mg;Active;2694006155
HOUMADIABDALLAH;TS4005198;Email;dsi.evc-comores@telma.mg;Active;2694005198
MARIAMAMDAHOMAMARI;AG4005733;Email;dsi.evc-comores@telma.mg;Active;2694005733
HADIDJAABDALLAH;AG4008711;Email;dsi.evc-comores@telma.mg;Active;2694008711
HASSANIISMAELSOUDJAY;AG4009382;Email;dsi.evc-comores@telma.mg;Active;2694009382
ALIMZEMBABA;TS4005840;Email;dsi.evc-comores@telma.mg;Active;2694005840
L4004213;L4004213;Email;dsi.evc-comores@telma.mg;Active;2694004213
DHOULFAKIRMadi;AG4010317;Email;dsi.evc-comores@telma.mg;Active;2694010317
TELMASHOPMOBIL2NGA;TS4007443;Email;dsi.evc-comores@telma.mg;Active;2694007443
L4004208;L4004208;Email;dsi.evc-comores@telma.mg;Active;2694004208
TGRS4003397;TGRS4003397;Email;dsi.evc-comores@telma.mg;Active;2694003397
RZ4004128;RZ4004128;Email;dsi.evc-comores@telma.mg;Active;2694004128
RZ4004173;RZ4004173;Email;dsi.evc-comores@telma.mg;Active;2694004173
ANFIALIDINAANFIA;AG4010702;Email;dsi.evc-comores@telma.mg;Active;2694010702
RZ4004178;RZ4004178;Email;dsi.evc-comores@telma.mg;Active;2694004178
ABDILLAHIMOHAMEDABDILLAHI;AG4005908;Email;dsi.evc-comores@telma.mg;Active;2694005908
FATIMAKATADE;AG4005471;Email;dsi.evc-comores@telma.mg;Active;2694005471
SAIDHACHIMKASSIM;AG4005970;Email;dsi.evc-comores@telma.mg;Active;2694005970
BACARABDOUIDJIHAD;AG4006808;Email;dsi.evc-comores@telma.mg;Active;2694006808
AWADICHARCANEABDEREMANE;AG4010807;Email;dsi.evc-comores@telma.mg;Active;2694010807
MOHAMEDAHMEDMOHAMED;AG4006356;Email;dsi.evc-comores@telma.mg;Active;2694006356
SAMIRIBRAHIMSAMIR;AG4006945;Email;dsi.evc-comores@telma.mg;Active;2694006945
AHAMDASAIDHASSANI;AG4006520;Email;dsi.evc-comores@telma.mg;Active;2694006520
ISMAELALIABDOU;AG4005498;Email;dsi.evc-comores@telma.mg;Active;2694005498
MNAMDJISOPHIE;AG4012152;Email;dsi.evc-comores@telma.mg;Active;2694012152
SAIDHAKIM;AG4012456;Email;dsi.evc-comores@telma.mg;Active;2694012456
HAMIDOUABDILLAH;AG4008200;Email;dsi.evc-comores@telma.mg;Active;2694008200
MARSADSAID;AG4005148;Email;dsi.evc-comores@telma.mg;Active;2694005148
RAHAMATAIDAROUSSESAIDOMAR;AG4013414;Email;dsi.evc-comores@telma.mg;Active;2694013414
NABAOUIYASAIDOMAR;AG4010869;Email;dsi.evc-comores@telma.mg;Active;2694010869
YASMINACHAMI;AG4010979;Email;dsi.evc-comores@telma.mg;Active;2694010979
DoubleV;ME4012909;Email;dsi.evc-comores@telma.mg;Active;2694012909
NOURDINEMOHAMEDNOUR;AG4006142;Email;dsi.evc-comores@telma.mg;Active;2694006142
MOHAMEDMISBAHOUHAMIDOU;AG4005054;Email;dsi.evc-comores@telma.mg;Active;2694005054
MOHAMEDMSOMAMOHAMED;AG4011801;Email;dsi.evc-comores@telma.mg;Active;2694011801
FESTIVALMEDINA0961;ME4010961;Email;dsi.evc-comores@telma.mg;Active;2694010961
SITTYANAABDOUMMADI;AG4005006;Email;dsi.evc-comores@telma.mg;Active;2694005006
ASIMATAALIABDOU;AG4006120;Email;dsi.evc-comores@telma.mg;Active;2694006120
NOURDINEMMADIDJOUNGA;TS4007367;Email;dsi.evc-comores@telma.mg;Active;2694007367
MOGNIDAHOARIMIA;AG4006951;Email;dsi.evc-comores@telma.mg;Active;2694006951
MOUSTAKIMAALIMOUDOU;AG4006273;Email;dsi.evc-comores@telma.mg;Active;2694006273
TSMUTSAMUDU400;AG4009393;Email;dsi.evc-comores@telma.mg;Active;2694009393
ABDOULFATAHSAIDOMAR;AG4005610;Email;dsi.evc-comores@telma.mg;Active;2694005610
SAIDAHMEDANTFATI;AG4012916;Email;dsi.evc-comores@telma.mg;Active;2694012916
MHOUDINEMADI;TS4005912;Email;dsi.evc-comores@telma.mg;Active;2694005912
ABDOULANZIZHAMZA;TS4005940;Email;dsi.evc-comores@telma.mg;Active;2694005940
FARIDATECOMBO;AG4011183;Email;dsi.evc-comores@telma.mg;Active;2694011183
TOILIHANIDJANFAR1;TS4011586;Email;dsi.evc-comores@telma.mg;Active;2694011586
L4004142;L4004142;Email;dsi.evc-comores@telma.mg;Active;2694004142
SAIDOMARMADIMLATAMOU;AG4005341;Email;dsi.evc-comores@telma.mg;Active;2694005341
MOHAMEDKAMALCHAMSIDINE;AG4007416;Email;dsi.evc-comores@telma.mg;Active;2694007416
NADIAABDOUAHAMADA;AG4005038;Email;dsi.evc-comores@telma.mg;Active;2694005038
NOURIASAIDMOHAMEDCHARIF;AG4006485;Email;dsi.evc-comores@telma.mg;Active;2694006485
BASTOINEMIKITADI;AG4008313;Email;dsi.evc-comores@telma.mg;Active;2694008313
TSCALTEX401;AG4012847;Email;dsi.evc-comores@telma.mg;Active;2694012847
MAHAMOUDYOUSSOUFMAHAMOUD;AG4008217;Email;dsi.evc-comores@telma.mg;Active;2694008217
ROUKIAISSIMAILAROUKIA;AG4011611;Email;dsi.evc-comores@telma.mg;Active;2694011611
ELHADAOUIMOHAMED;TS4005133;Email;dsi.evc-comores@telma.mg;Active;2694005133
MUTSAMUDUYASSTORE;TS4010501;Email;asdjad.HOUSSEN@mvola.km;Active;2694010501
TSHQM1;TS4008270;Email;asdjad.HOUSSEN@mvola.km;Active;2694008270
SAIDINEATTOUMANE;AG4009141;Email;dsi.evc-comores@telma.mg;Active;2694009141
KOURACHIAATTOUMANE;AG4005916;Email;dsi.evc-comores@telma.mg;Active;2694005916
FAROUKDJAFFAR;AG4007045;Email;dsi.evc-comores@telma.mg;Active;2694007045
DHANOUNEDAOUD;AG4006416;Email;dsi.evc-comores@telma.mg;Active;2694006416
ABOUBACARCHARIFSAID;AG4006745;Email;dsi.evc-comores@telma.mg;Active;2694006745
MOHAMEDAHAMAD;AG4005029;Email;dsi.evc-comores@telma.mg;Active;2694005029
SAANDIMMADISAANDI;AG4006348;Email;dsi.evc-comores@telma.mg;Active;2694006348
TSMUTSAMUDU401;AG4010056;Email;dsi.evc-comores@telma.mg;Active;2694010056
YOUSSOUFABDOUMMADIAZIR;AG4006371;Email;dsi.evc-comores@telma.mg;Active;2694006371
ISMAELMOUHOUDHOIRISMAEL;AG4009668;Email;dsi.evc-comores@telma.mg;Active;2694009668
ANTHOUMANEHOUMADIABDOU;AG4007415;Email;dsi.evc-comores@telma.mg;Active;2694007415
SAIDDINISAID;AG4005177;Email;dsi.evc-comores@telma.mg;Active;2694005177
FAOUZIAALISAID;AG4009968;Email;dsi.evc-comores@telma.mg;Active;2694009968
ALAMINECHEIKHAHMEDKARI;AG4005188;Email;dsi.evc-comores@telma.mg;Active;2694005188
AHAMADASAIDKOMBO;AG4009980;Email;dsi.evc-comores@telma.mg;Active;2694009980
TESTBWWBEXIMBANQUE;SA4007437;Email;dsi.evc-comores@telma.mg;Active;2694007437
NASSERAHAMED;TS4011249;Email;dsi.evc-comores@telma.mg;Active;2694011249
CHAHARMANEALIMOHAMED1;TS4010114;Email;dsi.evc-comores@telma.mg;Active;2694010114
CHAMOYNEAHMED;AG4011427;Email;dsi.evc-comores@telma.mg;Active;2694011427
ELHADJIOUSSENIELHADJI;AG4013438;Email;dsi.evc-comores@telma.mg;Active;2694013438
HADIDJADJAE;ME4011223;Email;dsi.evc-comores@telma.mg;Active;2694011223
TGRS4003395;TGRS4003395;Email;dsi.evc-comores@telma.mg;Active;2694003395
RZ4004127;RZ4004127;Email;dsi.evc-comores@telma.mg;Active;2694004127
RZ4004134;RZ4004134;Email;dsi.evc-comores@telma.mg;Active;2694004134
ROIHAMATISOULAMANA;AG4007033;Email;dsi.evc-comores@telma.mg;Active;2694007033
ABACARALI;AG4010588;Email;dsi.evc-comores@telma.mg;Active;2694010588
KOUSSOIYIROUSOULE;AG4006837;Email;dsi.evc-comores@telma.mg;Active;2694006837
ABASSIMMADIABASSI;AG4012782;Email;dsi.evc-comores@telma.mg;Active;2694012782
COMTECHMVOLA;TO4007541;Email;dsi.evc-comores@telma.mg;Active;2694007541
COMTECHINDEPENDANCE;TP4007478;Email;dsi.evc-comores@telma.mg;Active;2694007478
DHOIHIKATIDAHALANE;AG4006041;Email;dsi.evc-comores@telma.mg;Active;2694006041
LAYIMEAHMED;ME4010122;Email;dsi.evc-comores@telma.mg;Active;2694010122
ABDOULWAHIDSOILIHIAHAMADA;AG4012914;Email;dsi.evc-comores@telma.mg;Active;2694012914
SOILIHIISSIHAKA;AG4005296;Email;dsi.evc-comores@telma.mg;Active;2694005296
SALIMZEYYETSALIM;AG4005582;Email;dsi.evc-comores@telma.mg;Active;2694005582
MUHAMMAD;AG4010514;Email;dsi.evc-comores@telma.mg;Active;2694010514
L4004191;L4004191;Email;dsi.evc-comores@telma.mg;Active;2694004191
AbdallahBakari;TS4012212;Email;dsi.evc-comores@telma.mg;Active;2694012212
TS4006647;TS4006647;Email;dsi.evc-comores@telma.mg;Active;2694006647
COMTECHAEROPORT;TP4007477;Email;dsi.evc-comores@telma.mg;Active;2694007477
MECKMORONISIEGE;TO4007485;Email;dsi.evc-comores@telma.mg;Active;2694007485
MECKMORONISIEGE1;SA4007544;Email;dsi.evc-comores@telma.mg;Active;2694007544
MECKMORONISIEGE2;SA4007545;Email;dsi.evc-comores@telma.mg;Active;2694007545
MECKMORONIVOLOVOLO;SA4007546;Email;dsi.evc-comores@telma.mg;Active;2694007546
MECKMORONINTSOUDJINI;SA4007547;Email;dsi.evc-comores@telma.mg;Active;2694007547
YOUSSOUFBACO;ME4012913;Email;dsi.evc-comores@telma.mg;Active;2694012913
ALIAHAMADAALI;AG4010814;Email;dsi.evc-comores@telma.mg;Active;2694010814
TSDOMONI401;AG4010599;Email;dsi.evc-comores@telma.mg;Active;2694010599
MOUSTOIFASOUMAILAMOUSTOIFA;AG4011786;Email;dsi.evc-comores@telma.mg;Active;2694011786
HAIDATIRIZIKIHAIDA;AG4007383;Email;dsi.evc-comores@telma.mg;Active;2694007383
ABSOIRMOHAMEDSOULAIMANA;AG4010432;Email;dsi.evc-comores@telma.mg;Active;2694010432
KARIMAYOUSSOUFKARIMA;AG4007226;Email;dsi.evc-comores@telma.mg;Active;2694007226
YOUSSOUFMDAHOMAYOUSSOUF;AG4007314;Email;dsi.evc-comores@telma.mg;Active;2694007314
ANSIFATAHIMIDIANSI;AG4012814;Email;dsi.evc-comores@telma.mg;Active;2694012814
RZ4004138;RZ4004138;Email;dsi.evc-comores@telma.mg;Active;2694004138
LISSANYAAHAMED;AG4011408;Email;dsi.evc-comores@telma.mg;Active;2694011408
SOIFAOINESOUMAILA;AG4005917;Email;dsi.evc-comores@telma.mg;Active;2694005917
SAADISOUDJAY;AG4006114;Email;dsi.evc-comores@telma.mg;Active;2694006114
SONDIASOIBAHADDINE;AG4005508;Email;dsi.evc-comores@telma.mg;Active;2694005508
HADIDJAISMAELA;AG4006421;Email;dsi.evc-comores@telma.mg;Active;2694006421
ZALHATAABDOUASSOUMANI;AG4005644;Email;dsi.evc-comores@telma.mg;Active;2694005644
ANLIKATHAMIDJAMALILAILI;AG4005604;Email;dsi.evc-comores@telma.mg;Active;2694005604
ANMALDINEBACAR;AG4005416;Email;dsi.evc-comores@telma.mg;Active;2694005416
NOURIAAHAMADANOUR;AG4006257;Email;dsi.evc-comores@telma.mg;Active;2694006257
MARIESYOUSSOUFMARIE;AG4012727;Email;dsi.evc-comores@telma.mg;Active;2694012727
BOUCHOURADHOININI;AG4005489;Email;dsi.evc-comores@telma.mg;Active;2694005489
MOINAANLIASALIMABDALLAH;AG4010022;Email;dsi.evc-comores@telma.mg;Active;2694010022
MAHAMOUDMHOMAMAHAMOUD;AG4006735;Email;dsi.evc-comores@telma.mg;Active;2694006735
DAMIRKASSIM;TS4012864;Email;dsi.evc-comores@telma.mg;Active;2694012864
NASSURDINEBOINAMOIRABOU;AG4008166;Email;dsi.evc-comores@telma.mg;Active;2694008166
ABDOUROIHAMANESAIDHASSANE;AG4011246;Email;dsi.evc-comores@telma.mg;Active;2694011246
AHMEDTOIHAAHMED;AG4008763;Email;dsi.evc-comores@telma.mg;Active;2694008763
FATOUHIAATTOUMANIFATOU;AG4007671;Email;dsi.evc-comores@telma.mg;Active;2694007671
ABDOUROIHAMANEMOHAMEDABDOU;AG4006764;Email;dsi.evc-comores@telma.mg;Active;2694006764
HOUARDAEPSOILIHI;AG4006069;Email;dsi.evc-comores@telma.mg;Active;2694006069
TSDOMONI400;AG4006732;Email;dsi.evc-comores@telma.mg;Active;2694006732
NASLATIBOINANAS;AG4005580;Email;dsi.evc-comores@telma.mg;Active;2694005580
ABDOUMBAETOYBAMOHAMED;AG4009655;Email;dsi.evc-comores@telma.mg;Active;2694009655
AHMEDABDALLAHAHMED;AG4005012;Email;dsi.evc-comores@telma.mg;Active;2694005012
MOHAMEDSITTIHADIDJA;AG4010761;Email;dsi.evc-comores@telma.mg;Active;2694010761
AHAMADAALIASSOUMANI;AG4013439;Email;dsi.evc-comores@telma.mg;Active;2694013439
AICHATAHMEDSOULAIMANA;AG4013277;Email;dsi.evc-comores@telma.mg;Active;2694013277
CHAMCHOUNEALLAOUI;AG4007343;Email;dsi.evc-comores@telma.mg;Active;2694007343
DJAMALIDINEAHAMED;TS4005949;Email;dsi.evc-comores@telma.mg;Active;2694005949
ALIHASSANEMSOMA1;TS4013433;Email;dsi.evc-comores@telma.mg;Active;2694013433
ELAMINEMMADI;AG4012766;Email;dsi.evc-comores@telma.mg;Active;2694012766
FRANCHISESIMA;ME4008925;Email;dsi.evc-comores@telma.mg;Active;2694008925
MOHAMEDBACAROUMOURI;AG4010394;Email;dsi.evc-comores@telma.mg;Active;2694010394
MAOULIDAILHAMA;AG4006026;Email;dsi.evc-comores@telma.mg;Active;2694006026
YOUSSOUFHERI;AG4005027;Email;dsi.evc-comores@telma.mg;Active;2694005027
FATOUMIAMDAHOMAFATOU;AG4008430;Email;dsi.evc-comores@telma.mg;Active;2694008430
ROUKIAALIMOUIGNI;AG4012370;Email;dsi.evc-comores@telma.mg;Active;2694012370
AMDJADIYOUSSOUFAMDJAD;AG4005228;Email;dsi.evc-comores@telma.mg;Active;2694005228
NASMATAMOUIGNIAMANI;AG4007682;Email;dsi.evc-comores@telma.mg;Active;2694007682
CHIHABIDINIMOILIM;AG4005015;Email;dsi.evc-comores@telma.mg;Active;2694005015
FARIHATIGALFFANEFARIHAT;AG4013443;Email;dsi.evc-comores@telma.mg;Active;2694013443
FATIMAOUSSENIFATI;AG4005454;Email;dsi.evc-comores@telma.mg;Active;2694005454
AHMEDMMADIAHMED;AG4008872;Email;dsi.evc-comores@telma.mg;Active;2694008872
AMDJADMAOULIDAAMDJAD;AG4009690;Email;dsi.evc-comores@telma.mg;Active;2694009690
ELAMINEBOURHANE;AG4009013;Email;dsi.evc-comores@telma.mg;Active;2694009013
HAFIDHOIISSAIBRAHIM;AG4010759;Email;dsi.evc-comores@telma.mg;Active;2694010759
FATIMAIBRAHIM;AG4011687;Email;dsi.evc-comores@telma.mg;Active;2694011687
HASSANEYOUSSOUFHASSANE;AG4006390;Email;dsi.evc-comores@telma.mg;Active;2694006390
YOUSSOUFKAMILYOUSSOUF;AG4006906;Email;dsi.evc-comores@telma.mg;Active;2694006906
MAOULIDAASSOUMANIMAOU;AG4006159;Email;dsi.evc-comores@telma.mg;Active;2694006159
DHAHABIBOUROI;AG4005256;Email;dsi.evc-comores@telma.mg;Active;2694005256
FATIMAYSSF;AG4010337;Email;dsi.evc-comores@telma.mg;Active;2694010337
MOUSSAMBAE;TS4755761;Email;dsi.evc-comores@telma.mg;Active;2694755761
GRS4003407;GRS4003407;Email;dsi.evc-comores@telma.mg;Active;2694003407
CHOUANIBMZE;AG4009093;Email;dsi.evc-comores@telma.mg;Active;2694009093
ANTUFIATALI;AG4010650;Email;dsi.evc-comores@telma.mg;Active;2694010650
BINTISAID;AG4012734;Email;dsi.evc-comores@telma.mg;Active;2694012734
ENCAISSEMENTENTREPRISE;EN4007441;Email;drc.comores@telma.km;Active;2694007441
MOUSSAABDOUHADJI;AG4013444;Email;dsi.evc-comores@telma.mg;Active;2694013444
DHAHABOUIBRAHIMDHAHABOU;AG4006569;Email;dsi.evc-comores@telma.mg;Active;2694006569
RAFIDAALIHOUMADI;AG4015641;Email;dsi.evc-comores@telma.mg;Active;2694015641
FREELANCER7;AG4015640;Email;dsi.evc-comores@telma.mg;Active;2694015640
ALIIBRAHIMALI;AG4010604;Email;dsi.evc-comores@telma.mg;Active;2694010604
ASSIMAHANIHASSANIASIMA;AG4007227;Email;dsi.evc-comores@telma.mg;Active;2694007227
ARBABIDINEMOHAMEDYOUSSOUF;AG4008410;Email;dsi.evc-comores@telma.mg;Active;2694008410
MOHAMEDSOIDROUDINE;AG4010031;Email;dsi.evc-comores@telma.mg;Active;2694010031
TOYIFIAMBARAKAHAMISSI;AG4010255;Email;dsi.evc-comores@telma.mg;Active;2694010255
DJAZAAHMEDAHMED1;AG4010259;Email;dsi.evc-comores@telma.mg;Active;2694010259
FFRANCHISENIOUMACHIOI;AG4010207;Email;dsi.evc-comores@telma.mg;Active;2694010207
OUILDANIAMIRTOIBIBOU01;ME4010208;Email;dsi.evc-comores@telma.mg;Active;2694010208
FREELANCEUR;AG4004580;Email;dsi.evc-comores@telma.mg;Active;2694004580
SOUMAILAISSOUF;AG4007040;Email;dsi.evc-comores@telma.mg;Active;2694007040
HOAREAUISABELLEMARIERITA;ME4003451;Email;dsi.evc-comores@telma.mg;Active;2694003451
CHAHERSAMNOUNE;AG4004937;Email;dsi.evc-comores@telma.mg;Active;2694004937
ALIANIMOUSSA01;AG4009721;Email;dsi.evc-comores@telma.mg;Active;2694009721
MOINSITTINAMBAPANDZA;AG4009742;Email;dsi.evc-comores@telma.mg;Active;2694009742
IRCHADSOIFFOUDINE;AG4004998;Email;dsi.evc-comores@telma.mg;Active;2694004998
FATOUMAMOHAMEDALI;AG4009827;Email;dsi.evc-comores@telma.mg;Active;2694009827
ABDOULATUFYOUKINA;AG4004329;Email;dsi.evc-comores@telma.mg;Active;2694004329
L4004211;L4004211;Email;dsi.evc-comores@telma.mg;Active;2694004211
MOINAECHAHASSANIATHOUMAN;AG4013455;Email;dsi.evc-comores@telma.mg;Active;2694013455
KALADIANLIAKALADI;AG4013457;Email;dsi.evc-comores@telma.mg;Active;2694013457
BOINAMMADIBOINA;AG4009337;Email;dsi.evc-comores@telma.mg;Active;2694009337
NAHERABDOUNAHER67;AG4006767;Email;dsi.evc-comores@telma.mg;Active;2694006767
HASSANTIHAMIDOU34;AG4007234;Email;dsi.evc-comores@telma.mg;Active;2694007234
DHAHABIAYOUSSOUFSAIDALI;AG4013465;Email;dsi.evc-comores@telma.mg;Active;2694013465
SAIDAHMEDANLIHOUMADI;AG4006074;Email;dsi.evc-comores@telma.mg;Active;2694006074
AICHASAIDALI;AG4013520;Email;dsi.evc-comores@telma.mg;Active;2694013520
ANSSUFFUINEALLAOUI;AG4005447;Email;dsi.evc-comores@telma.mg;Active;2694005447
AMINATAMOURIDI;AG4011881;Email;dsi.evc-comores@telma.mg;Active;2694011881
FAIDATABDALLAH;AG4003527;Email;dsi.evc-comores@telma.mg;Active;2694003527
TOIHARDINEMALIDE;AG4013872;Email;dsi.evc-comores@telma.mg;Active;2694013872
FRANCHISEWANANI;ME4010206;Email;dsi.evc-comores@telma.mg;Active;2694010206
NASRINEAHMEDALI;AG4004797;Email;dsi.evc-comores@telma.mg;Active;2694004797
BENSALIMMOULAYE;AG4004844;Email;dsi.evc-comores@telma.mg;Active;2694004844
RAISSAALI98RAISSA98;AG4009736;Email;dsi.evc-comores@telma.mg;Active;2694009736
AHMEDTADHIKIRATSAID;AG4009793;Email;dsi.evc-comores@telma.mg;Active;2694009793
ECHATASAIDABDOU;AG4009844;Email;dsi.evc-comores@telma.mg;Active;2694009844
KARAMADJABIR;AG4004980;Email;dsi.evc-comores@telma.mg;Active;2694004980
NASSURIAAHMED1;AG4004879;Email;dsi.evc-comores@telma.mg;Active;2694004879
AHMEDPAPA1;AG4004693;Email;dsi.evc-comores@telma.mg;Active;2694004693
boutiqueahmedyoussouf;ME4012984;Email;dsi.evc-comores@telma.mg;Active;2694012984
ANNYMHADJI;ME4012986;Email;dsi.evc-comores@telma.mg;Active;2694012986
FranchisedeKalyptus;AG4012665;Email;dsi.evc-comores@telma.mg;Active;2694012665
MOGNIDAHOMOHAMEDSOULE;AG4012605;Email;dsi.evc-comores@telma.mg;Active;2694012605
SULTANZARKACHE;AG4004735;Email;dsi.evc-comores@telma.mg;Active;2694004735
ENTREPRISEMOMDBODUIGOG;TO4009506;Email;dsi.evc-comores@telma.mg;Active;2694009506
TESTANIMATEURRMCASH;TS4005658;Email;dsi.evc-comores@telma.mg;Active;2694005658
RADJABALI;TS4005882;Email;dsi.evc-comores@telma.mg;Active;2694005882
ABDOULLHALIMSAID;TS4005934;Email;dsi.evc-comores@telma.mg;Active;2694005934
ARMILLEBOURHANE;TS4005120;Email;dsi.evc-comores@telma.mg;Active;2694005120
TELMASHOPMOBIL1NGA;TS4007442;Email;dsi.evc-comores@telma.mg;Active;2694007442
SADDAMMOHAMED;TS4005836;Email;dsi.evc-comores@telma.mg;Active;2694005836
FAROUCKBOINAIDHASSANE;TS4005122;Email;dsi.evc-comores@telma.mg;Active;2694005122
AHAMADAABDOULHAMID;TS4006526;Email;dsi.evc-comores@telma.mg;Active;2694006526
AHMEDALICHANFI;TS4006252;Email;dsi.evc-comores@telma.mg;Active;2694006252
MARSSADIMOHAMED;TS4005938;Email;dsi.evc-comores@telma.mg;Active;2694005938
IDRISSSAIDBACAR1;TS4005926;Email;dsi.evc-comores@telma.mg;Active;2694005926
FARIDSAIDALI;TS4005242;Email;dsi.evc-comores@telma.mg;Active;2694005242
BADROUDINEABDOU;TS4005784;Email;dsi.evc-comores@telma.mg;Active;2694005784
TELMASHOPMOBIL3NGA;TS4007444;Email;dsi.evc-comores@telma.mg;Active;2694007444
CALTEXYASSTORE;TS4012100;Email;asdjad.HOUSSEN@mvola.km;Active;2694012100
TELMASHOPMOBIL4MOH;TS4008629;Email;dsi.evc-comores@telma.mg;Active;2694008629
AEROPORTYASSTORE;TS4012947;Email;asdjad.HOUSSEN@mvola.km;Active;2694012947
FREELANCEURAMALE;AG4013977;Email;dsi.evc-comores@telma.mg;Active;2694013977
HASSANTIHAMIDOUHASSANATI;AG4010004;Email;dsi.evc-comores@telma.mg;Active;2694010004
ACHIFAONMADIATTOUMANE;AG4010227;Email;dsi.evc-comores@telma.mg;Active;2694010227
ANIMATEURTEST;TS4006499;Email;dsi.evc-comores@telma.mg;Active;2694006499
HAOULATHANIMOHAMEDHAOU;AG4013460;Email;dsi.evc-comores@telma.mg;Active;2694013460
SAIDMOUZEWADAANE;AG4005968;Email;dsi.evc-comores@telma.mg;Active;2694005968
MOHAMEDHOUMADMED;AG4006413;Email;dsi.evc-comores@telma.mg;Active;2694006413
ISMAELSAIDISMAEL;AG4005218;Email;dsi.evc-comores@telma.mg;Active;2694005218
FAIZATIALIFAIZAT;AG4011771;Email;dsi.evc-comores@telma.mg;Active;2694011771
ABDEREMANEIBRAHIM92;AG4012692;Email;dsi.evc-comores@telma.mg;Active;2694012692
MOHAMEDSOULAIMANA75;AG4013475;Email;dsi.evc-comores@telma.mg;Active;2694013475
MARIEYOUSSOUF76;AG4013476;Email;dsi.evc-comores@telma.mg;Active;2694013476
ZAINOUDINEABDOULKARIM36;AG4005536;Email;dsi.evc-comores@telma.mg;Active;2694005536
MARIAMAHAMIDOU79;AG4013479;Email;dsi.evc-comores@telma.mg;Active;2694013479
FARZATABDALLAH5;AG4010855;Email;dsi.evc-comores@telma.mg;Active;2694010855
AHAMADAHADJI82;AG4013482;Email;dsi.evc-comores@telma.mg;Active;2694013482
ABDOURAOUFAHMED17;AG4005817;Email;dsi.evc-comores@telma.mg;Active;2694005817
SITTYALAHOUI;AG4006548;Email;dsi.evc-comores@telma.mg;Active;2694006548
MARIATAAHMED;AG4012362;Email;dsi.evc-comores@telma.mg;Active;2694012362
DJAMILADJAMAL;AG4006863;Email;dsi.evc-comores@telma.mg;Active;2694006863
DANIELOUBADMAHAMOUD;AG4013908;Email;dsi.evc-comores@telma.mg;Active;2694013908
MIDDYESAIDABDALLAH;AG4010996;Email;dsi.evc-comores@telma.mg;Active;2694010996
NOURDINEABDOUTOIHA;AG4011903;Email;dsi.evc-comores@telma.mg;Active;2694011903
ABDOULHAKIMMMADI;AG4012026;Email;dsi.evc-comores@telma.mg;Active;2694012026
FATIMAMDERE;ME4004357;Email;dsi.evc-comores@telma.mg;Active;2694004357
ASMAIDADAOU;AG4013968;Email;dsi.evc-comores@telma.mg;Active;2694013968
MOUSSAAHMEED;AG4013944;Email;dsi.evc-comores@telma.mg;Active;2694013944
SAENDOUCOMBO;AG4006180;Email;dsi.evc-comores@telma.mg;Active;2694006180
SHARDAMZEHAMADI;AG4013508;Email;dsi.evc-comores@telma.mg;Active;2694013508
HOULOUFATIMADIMOEGNE86;AG4010186;Email;dsi.evc-comores@telma.mg;Active;2694010186
OPTIQUEBOUTIQUE;ME4012923;Email;dsi.evc-comores@telma.mg;Active;2694012923
ECHATSALIM31;AG4009231;Email;dsi.evc-comores@telma.mg;Active;2694009231
EPICERIETHIAM;ME4012920;Email;dsi.evc-comores@telma.mg;Active;2694012920
EPICERITHIAM;AG4012921;Email;dsi.evc-comores@telma.mg;Active;2694012921
ASSIATAMOHAMED04;AG4012804;Email;dsi.evc-comores@telma.mg;Active;2694012804
ALISOILIHI73;AG4013273;Email;dsi.evc-comores@telma.mg;Active;2694013273
BADRANEMOHAMED;AG4013951;Email;dsi.evc-comores@telma.mg;Active;2694013951
CABINETITIBARAICHAM;ME4012926;Email;dsi.evc-comores@telma.mg;Active;2694012926
CHAZOUSARL;AG4012931;Email;dsi.evc-comores@telma.mg;Active;2694012931
NIDHOIMABDOU03;AG4013903;Email;dsi.evc-comores@telma.mg;Active;2694013903
ANLIAHAMADA2;AG4013949;Email;dsi.evc-comores@telma.mg;Active;2694013949
OLYMPICDEMORONIPC;ME4012953;Email;dsi.evc-comores@telma.mg;Active;2694012953
AZHARMOUSSA;AG4012080;Email;dsi.evc-comores@telma.mg;Active;2694012080
NATIDJAALIKARANI;AG4012078;Email;dsi.evc-comores@telma.mg;Active;2694012078
ELYTISMITSAMIOULI;ME4012976;Email;dsi.evc-comores@telma.mg;Active;2694012976
RAISASSANIOILI;AG4010856;Email;dsi.evc-comores@telma.mg;Active;2694010856
SIMTESTAVI;TS4012961;Email;dsi.evc-comores@telma.mg;Active;2694012961
AGRMKAZI;ME4013037;Email;dsi.evc-comores@telma.mg;Active;2694013037
HADIABACAR;ME4013042;Email;dsi.evc-comores@telma.mg;Active;2694013042
ABDOULHAMIDABIDHAR1;TS4013869;Email;dsi.evc-comores@telma.mg;Active;2694013869
YASSMINEATTOUMANE;AG4011010;Email;dsi.evc-comores@telma.mg;Active;2694011010
MONMODMALEKABANOU;AG4009806;Email;dsi.evc-comores@telma.mg;Active;2694009806
SITTIANFOUOI;AG4013254;Email;dsi.evc-comores@telma.mg;Active;2694013254
ISMAILMCHINDA98;AG4009836;Email;dsi.evc-comores@telma.mg;Active;2694009836
KASSIMIBRAHIM96;AG4009835;Email;dsi.evc-comores@telma.mg;Active;2694009835
SAIDDJAMBAE90;AG4009842;Email;dsi.evc-comores@telma.mg;Active;2694009842
NOUZOUHATIMOUSSA;AG4004878;Email;dsi.evc-comores@telma.mg;Active;2694004878
MARIAMAAHMEDSOILIH1;AG4004526;Email;dsi.evc-comores@telma.mg;Active;2694004526
NASSRATMOHAMED1;AG4004659;Email;dsi.evc-comores@telma.mg;Active;2694004659
HAMADIOMAR1;AG4004529;Email;dsi.evc-comores@telma.mg;Active;2694004529
BARAKATECOUTUREPATISSERIE;ME4013051;Email;dsi.evc-comores@telma.mg;Active;2694013051
MLEDJELE;ME4012971;Email;dsi.evc-comores@telma.mg;Active;2694012971
KUMBARA;ME4012970;Email;dsi.evc-comores@telma.mg;Active;2694012970
FAYDATIYAHOUDHOI;AG4013919;Email;dsi.evc-comores@telma.mg;Active;2694013919
ZAINABAMBECHEZY;AG4012662;Email;dsi.evc-comores@telma.mg;Active;2694012662
IBRAHIMMOHAMED1;TS4010212;Email;dsi.evc-comores@telma.mg;Active;2694010212
DJALALIDINEAHMED1;AG4010434;Email;dsi.evc-comores@telma.mg;Active;2694010434
FAIZAABDOUBOINALI;AG4004746;Email;dsi.evc-comores@telma.mg;Active;2694004746
BENSAIDATTOUMANE;TS4013025;Email;dsi.evc-comores@telma.mg;Active;2694013025
ALLAOUIALISAID;TS4013026;Email;dsi.evc-comores@telma.mg;Active;2694013026
BARAKAALIHAMID85;AG4004798;Email;dsi.evc-comores@telma.mg;Active;2694004798
RASTAIDATMOHAMED01;AG4004788;Email;dsi.evc-comores@telma.mg;Active;2694004788
HOMAFAMILY;ME4003467;Email;dsi.evc-comores@telma.mg;Active;2694003467
ABDALLAHROUFKATI;AG4010991;Email;dsi.evc-comores@telma.mg;Active;2694010991
WANAS;ME4013006;Email;dsi.evc-comores@telma.mg;Active;2694013006
HidayaCash;AG4013879;Email;dsi.evc-comores@telma.mg;Active;2694013879
ANTUAATHOUMANI30;AG4011930;Email;dsi.evc-comores@telma.mg;Active;2694011930
SAVEURDESILES;ME4011234;Email;dsi.evc-comores@telma.mg;Active;2694011234
SHOPB2BKAVOKAIVOPC;ME4012020;Email;dsi.evc-comores@telma.mg;Active;2694012020
MOHAMEDMOUIGNI22;AG4011922;Email;dsi.evc-comores@telma.mg;Active;2694011922
SITTIBENSOILIHI;AG4013585;Email;dsi.evc-comores@telma.mg;Active;2694013585
RESTAURANTASSIATA;ME4012943;Email;dsi.evc-comores@telma.mg;Active;2694012943
ZAIDOUABDOU56;AG4013956;Email;dsi.evc-comores@telma.mg;Active;2694013956
DJASMIALIMRADJI;AG4007143;Email;dsi.evc-comores@telma.mg;Active;2694007143
DJOUMOIMOUSSA11;AG4006011;Email;dsi.evc-comores@telma.mg;Active;2694006011
SHOPAEROPORTPDVPM;AG4012948;Email;dsi.evc-comores@telma.mg;Active;2694012948
SAIDYAHAYASOILIHI;AG4007306;Email;dsi.evc-comores@telma.mg;Active;2694007306
NADJIMIBRAHIMASSANE;AG4010309;Email;dsi.evc-comores@telma.mg;Active;2694010309
FREELANCEURANOURAKI;AG4013975;Email;dsi.evc-comores@telma.mg;Active;2694013975
ABOUBACARSUDIKIYOUSSOUFAAVILAZA;AG4005069;Email;dsi.evc-comores@telma.mg;Active;2694005069
YVANIGSARLU;AG4013860;Email;dsi.evc-comores@telma.mg;Active;2694013860
MOHAMEDSOUMETH;AG4013450;Email;dsi.evc-comores@telma.mg;Active;2694013450
NASSILAYOUSSOUFMMADI;AG4012030;Email;dsi.evc-comores@telma.mg;Active;2694012030
PAPABOURHANE;AG4013990;Email;dsi.evc-comores@telma.mg;Active;2694013990
SAIDBACARYOUSSOUF51;AG4008551;Email;dsi.evc-comores@telma.mg;Active;2694008551
AHAMEDHAMZA30;AG4005030;Email;dsi.evc-comores@telma.mg;Active;2694005030
TOIOUYANEABACAR97;AG4013897;Email;dsi.evc-comores@telma.mg;Active;2694013897
ABDERAMANEAHMEDNABIL;AG4011729;Email;dsi.evc-comores@telma.mg;Active;2694011729
ABDOULATUFSAINDOU;AG4005215;Email;dsi.evc-comores@telma.mg;Active;2694005215
MOUSLIMSOULAIMANA;AG4013929;Email;dsi.evc-comores@telma.mg;Active;2694013929
MOHAMEDALIBACAR;AG4011910;Email;dsi.evc-comores@telma.mg;Active;2694011910
HAMIDOUBACAR50;AG4006350;Email;dsi.evc-comores@telma.mg;Active;2694006350
ALIATTOUMANE08;AG4006408;Email;dsi.evc-comores@telma.mg;Active;2694006408
ABDOURAOUFAHMED60;AG4013960;Email;dsi.evc-comores@telma.mg;Active;2694013960
ZARAHOTELOASIS;ME4012937;Email;dsi.evc-comores@telma.mg;Active;2694012937
ADRACHILOUTFI32;AG4013932;Email;dsi.evc-comores@telma.mg;Active;2694013932
HALIMAALISAID;AG4011894;Email;dsi.evc-comores@telma.mg;Active;2694011894
NAIMAAHMEDABDOU82;AG4013882;Email;dsi.evc-comores@telma.mg;Active;2694013882
FATIMAALIAROUSSI;AG4004989;Email;dsi.evc-comores@telma.mg;Active;2694004989
IBRAHIMMOUHDINE1;AG4004770;Email;dsi.evc-comores@telma.mg;Active;2694004770
IBRAHIMKADERIBRAHIM;AG4012083;Email;dsi.evc-comores@telma.mg;Active;2694012083
DJAMADARSOUFOUNI;AG4010189;Email;dsi.evc-comores@telma.mg;Active;2694010189
ALNAABDEREMANE;AG4011988;Email;dsi.evc-comores@telma.mg;Active;2694011988
YAMINYOUSSOUFTAMIMOU99;AG4011775;Email;dsi.evc-comores@telma.mg;Active;2694011775
SAMRADAAHMED96;AG4012655;Email;dsi.evc-comores@telma.mg;Active;2694012655
ZAKARIAABDALLAH1;AG4013918;Email;dsi.evc-comores@telma.mg;Active;2694013918
IBRAHIMMOHAMED3;AG4011936;Email;dsi.evc-comores@telma.mg;Active;2694011936
FATIMADAOUD;AG4004736;Email;dsi.evc-comores@telma.mg;Active;2694004736
ASSILANIAHAMADI;AG4013673;Email;dsi.evc-comores@telma.mg;Active;2694013673
AliSoilihiAnoura;AG4003466;Email;dsi.evc-comores@telma.mg;Active;2694003466
BASOIRSOULAIMANA;AG4004915;Email;dsi.evc-comores@telma.mg;Active;2694004915
YOUSSOUFSOIDIKI1;AG4009748;Email;dsi.evc-comores@telma.mg;Active;2694009748
SAIDABDALLAHHADIDJA;AG4009711;Email;dsi.evc-comores@telma.mg;Active;2694009711
YOUSSOUFALIYOUSSOUF1;AG4009809;Email;dsi.evc-comores@telma.mg;Active;2694009809
DJAWADABDALLAH1;ME4009805;Email;dsi.evc-comores@telma.mg;Active;2694009805
DHAKOINEAHMED;AG4013969;Email;dsi.evc-comores@telma.mg;Active;2694013969
MOINOUROUMOINDJIE;AG4011855;Email;dsi.evc-comores@telma.mg;Active;2694011855
HAFIKAPAPACOMBO;AG4004562;Email;dsi.evc-comores@telma.mg;Active;2694004562
MISBAHOUSAID93;AG4004320;Email;dsi.evc-comores@telma.mg;Active;2694004320
FARGALABDEREMANE;AG4004669;Email;dsi.evc-comores@telma.mg;Active;2694004669
DHOIHAROUDINEALIMOHAMEDALI1;ME4010268;Email;dsi.evc-comores@telma.mg;Active;2694010268
COMMISSIONVENTE;TS4004700;Email;Foudhoiyla.MOUSSA@telma.km;Active;2694004700
AHAMADISAID72;AG4004904;Email;dsi.evc-comores@telma.mg;Active;2694004904
ECHATAHASSANI72;AG4003495;Email;dsi.evc-comores@telma.mg;Active;2694003495
NAIMATADJOU04;AG4004815;Email;dsi.evc-comores@telma.mg;Active;2694004815
ANTIKABDALLAH91;AG4004816;Email;dsi.evc-comores@telma.mg;Active;2694004816
ADORECOMORES;ME4003443;Email;dsi.evc-comores@telma.mg;Active;2694003443
MOURTADHOIFAHARDINE;AG4009722;Email;dsi.evc-comores@telma.mg;Active;2694009722
HADIDJAIBRAHIM20;AG4013675;Email;dsi.evc-comores@telma.mg;Active;2694013675
ARLINHOUMADI;AG4004876;Email;dsi.evc-comores@telma.mg;Active;2694004876
ABDOURAHIMKARANIMSOILI;AG4009788;Email;dsi.evc-comores@telma.mg;Active;2694009788
FREELANCEURCHAMSIAALI;AG4009848;Email;dsi.evc-comores@telma.mg;Active;2694009848
KADAFIATHOUMANI;AG4004634;Email;dsi.evc-comores@telma.mg;Active;2694004634
AHMEDSOIBAHAMDERE1;AG4010160;Email;dsi.evc-comores@telma.mg;Active;2694010160
ABDALLAHTOIHOUIA;AG4004951;Email;dsi.evc-comores@telma.mg;Active;2694004951
FAISSOILIBOINA1;AG4004429;Email;dsi.evc-comores@telma.mg;Active;2694004429
ZARIATISAIDMNEMOI;AG4004257;Email;dsi.evc-comores@telma.mg;Active;2694004257
ABDILLAHYOUSSOUF1;AG4009094;Email;dsi.evc-comores@telma.mg;Active;2694009094
ANCHOURAASSULANE;AG4010250;Email;dsi.evc-comores@telma.mg;Active;2694010250
HAIDHOITIATTOUMANE;AG4004625;Email;dsi.evc-comores@telma.mg;Active;2694004625
ANCHOUROIATTOUMANISALIM;AG4004678;Email;dsi.evc-comores@telma.mg;Active;2694004678
ECHATAALII1;AG4004557;Email;dsi.evc-comores@telma.mg;Active;2694004557
DANIAALIAMIR;AG4004276;Email;dsi.evc-comores@telma.mg;Active;2694004276
SAINDADAROUECHE;AG4010642;Email;dsi.evc-comores@telma.mg;Active;2694010642
ALIMMADIALI10;AG4005010;Email;dsi.evc-comores@telma.mg;Active;2694005010
ZAHARIAHASSANE05;AG4011805;Email;dsi.evc-comores@telma.mg;Active;2694011805
LOUBABYBOUTIQUE;ME4013008;Email;dsi.evc-comores@telma.mg;Active;2694013008
KAVOUKAIVOYASSTORE;TS4012022;Email;asdjad.HOUSSEN@mvola.km;Active;2694012022
MOHAMEDAHMEDHOUDJATTE;AG4011932;Email;dsi.evc-comores@telma.mg;Active;2694011932
FREELANCEURNAIME;AG4013984;Email;dsi.evc-comores@telma.mg;Active;2694013984
FREELANCEURSALIM;AG4013979;Email;dsi.evc-comores@telma.mg;Active;2694013979
DJAMALMALIDE;AG4005901;Email;dsi.evc-comores@telma.mg;Active;2694005901
YOUSSOUFALIMDJASSIRI;AG4011979;Email;dsi.evc-comores@telma.mg;Active;2694011979
NASSUFABDOUAHAMADA;AG4010067;Email;dsi.evc-comores@telma.mg;Active;2694010067
NASSERRIDJALIATTOUMANE;AG4001962;Email;dsi.evc-comores@telma.mg;Active;2694001962
DHOURIAMAABADIAHAMADA;AG4011882;Email;dsi.evc-comores@telma.mg;Active;2694011882
RAANFATIRAFION;AG4004924;Email;dsi.evc-comores@telma.mg;Active;2694004924
ELANRIFMALIDE;AG4004925;Email;dsi.evc-comores@telma.mg;Active;2694004925
NAKSOITIFRAHADDINE;AG4004914;Email;dsi.evc-comores@telma.mg;Active;2694004914
HOUMADIAHAMED;AG4004869;Email;dsi.evc-comores@telma.mg;Active;2694004869
TOILIBOUZAYDA;AG4010158;Email;dsi.evc-comores@telma.mg;Active;2694010158
ANRFISAIDMOGNI;ME4009727;Email;dsi.evc-comores@telma.mg;Active;2694009727
FAIZATAMOHAMED;AG4009741;Email;dsi.evc-comores@telma.mg;Active;2694009741
DHOURIAMOHAMED1;AG4009783;Email;dsi.evc-comores@telma.mg;Active;2694009783
MAOULIDASAID;AG4009784;Email;dsi.evc-comores@telma.mg;Active;2694009784
SOIBIASAIDALI;AG4011985;Email;dsi.evc-comores@telma.mg;Active;2694011985
ANKOUBMIRADJIMMADI8;AG4011986;Email;dsi.evc-comores@telma.mg;Active;2694011986
ANLIAHAMADI70;AG4008490;Email;dsi.evc-comores@telma.mg;Active;2694008490
IBRARIMSAIDABDALLAH;AG4010201;Email;dsi.evc-comores@telma.mg;Active;2694010201
HALIMAATHOUMANI;AG4011883;Email;dsi.evc-comores@telma.mg;Active;2694011883
OUSTADHUAHMED1;AG4004913;Email;dsi.evc-comores@telma.mg;Active;2694004913
FRANCHISEDJIBRANEMULTIFONCTION;ME4011277;Email;dsi.evc-comores@telma.mg;Active;2694011277
NASSERNASSUR1;AG4004976;Email;dsi.evc-comores@telma.mg;Active;2694004976
FAHARIMOHAMEDAHAMADA;AG4009706;Email;dsi.evc-comores@telma.mg;Active;2694009706
SamileAbdallah;AG4004321;Email;dsi.evc-comores@telma.mg;Active;2694004321
AMILATIAHAMADI1;AG4004428;Email;dsi.evc-comores@telma.mg;Active;2694004428
ANLISAINDOUOUSSENI;AG4004482;Email;dsi.evc-comores@telma.mg;Active;2694004482
MOHAMEDALIMOINDJI;AG4004540;Email;dsi.evc-comores@telma.mg;Active;2694004540
ALIMHADJOU1;AG4004684;Email;dsi.evc-comores@telma.mg;Active;2694004684
DHOIYATIOUSSENI;AG4004635;Email;dsi.evc-comores@telma.mg;Active;2694004635
MADISOIFIATI1;AG4004688;Email;dsi.evc-comores@telma.mg;Active;2694004688
ANISSATAMBAE01;AG4004528;Email;dsi.evc-comores@telma.mg;Active;2694004528
ATTOUMANEHOUMADI2;AG4004327;Email;dsi.evc-comores@telma.mg;Active;2694004327
BACHIRALI;AG4004591;Email;dsi.evc-comores@telma.mg;Active;2694004591
LOUKOUMANESAINDOU;AG4004435;Email;dsi.evc-comores@telma.mg;Active;2694004435
SALIMCHANFI1;AG4009833;Email;dsi.evc-comores@telma.mg;Active;2694009833
ARCHIMEDSAIDMSA;AG4010195;Email;dsi.evc-comores@telma.mg;Active;2694010195
MOUKIMMOHAMED;AG4013631;Email;dsi.evc-comores@telma.mg;Active;2694013631
FATOUMASAID01;AG4004265;Email;dsi.evc-comores@telma.mg;Active;2694004265
SOILHABACARABDOU;AG4013672;Email;dsi.evc-comores@telma.mg;Active;2694013672
HADJIRAALI1;AG4010277;Email;dsi.evc-comores@telma.mg;Active;2694010277
HAIDAZOUBERT1;AG4004990;Email;dsi.evc-comores@telma.mg;Active;2694004990
ISSANASRAT;AG4009733;Email;dsi.evc-comores@telma.mg;Active;2694009733
IBRAHIMSOILIHI82;AG4009808;Email;dsi.evc-comores@telma.mg;Active;2694009808
MONMODMALEKABANOU1;ME4009807;Email;dsi.evc-comores@telma.mg;Active;2694009807
FATOUMAMMADI01;AG4009703;Email;dsi.evc-comores@telma.mg;Active;2694009703
HARMIAMOHAMED;AG4004829;Email;dsi.evc-comores@telma.mg;Active;2694004829
FAHARDINEALYMBAY;AG4011867;Email;dsi.evc-comores@telma.mg;Active;2694011867
ACHOURAASSULANE;AG4010288;Email;dsi.evc-comores@telma.mg;Active;2694010288
YOUSSOUFHOUMADI;AG4004848;Email;dsi.evc-comores@telma.mg;Active;2694004848
POPMVOLA;TS4009232;Email;Asdjad.HOUSSEN@telma.km;Active;2694009232
FATOUMIASOULEFATOUMIA;AG4011818;Email;dsi.evc-comores@telma.mg;Active;2694011818
ABDALLAHZAHARAABDALLAH;AG4005232;Email;dsi.evc-comores@telma.mg;Active;2694005232
AHAMADASOIBITI;AG4013495;Email;dsi.evc-comores@telma.mg;Active;2694013495
MOHAMEDHOUSSENIMOHAMED;AG4010023;Email;dsi.evc-comores@telma.mg;Active;2694010023
RAOULHATALIMOHAMED;AG4010003;Email;dsi.evc-comores@telma.mg;Active;2694010003
IBTISSAMAHMEDIBTISSAM;AG4013516;Email;dsi.evc-comores@telma.mg;Active;2694013516
FLEXYSHOP;ME4012942;Email;dsi.evc-comores@telma.mg;Active;2694012942
CMGFABRICATIONDECOUSSIN;ME4012944;Email;dsi.evc-comores@telma.mg;Active;2694012944
KAZOUINEASSOUMANE;AG4012490;Email;dsi.evc-comores@telma.mg;Active;2694012490
TALOUINEANLI1;AG4013885;Email;dsi.evc-comores@telma.mg;Active;2694013885
AHMEDHOUMADIAH;AG4007429;Email;dsi.evc-comores@telma.mg;Active;2694007429
SOULEMMADI93;AG4011957;Email;dsi.evc-comores@telma.mg;Active;2694011957
ALISOULAIMANAIBRAHIM06;AG4010806;Email;dsi.evc-comores@telma.mg;Active;2694010806
COMITEDHYGIENEDELAVILLEDEFOUMBOUNI;ME4013075;Email;dsi.evc-comores@telma.mg;Active;2694013075
HAIDADAOUD2;AG4013524;Email;dsi.evc-comores@telma.mg;Active;2694013524
SAIDMMADI95;AG4003479;Email;dsi.evc-comores@telma.mg;Active;2694003479
SOIBAHOUARCHADI;AG4004352;Email;dsi.evc-comores@telma.mg;Active;2694004352
RAHYKIASSANE;AG4004314;Email;dsi.evc-comores@telma.mg;Active;2694004314
TOIOUILOUOUSSENI2;AG4004486;Email;dsi.evc-comores@telma.mg;Active;2694004486
ECHATIMIRADJI77;AG4004932;Email;dsi.evc-comores@telma.mg;Active;2694004932
FAZATIISMAILA82;AG4004817;Email;dsi.evc-comores@telma.mg;Active;2694004817
RADHUYAATTOUMANE04;AG4010477;Email;dsi.evc-comores@telma.mg;Active;2694010477
HOUDHOUNIYAABDALLAH;AG4004616;Email;dsi.evc-comores@telma.mg;Active;2694004616
DHOIHAROUDINEALIMOHAMEDALI;AG4010267;Email;dsi.evc-comores@telma.mg;Active;2694010267
BADROUZAMANEMOHAMED1;ME4004680;Email;dsi.evc-comores@telma.mg;Active;2694004680
ABDOUAHAMADI74;AG4004438;Email;dsi.evc-comores@telma.mg;Active;2694004438
ZAINABAMKAVAVO;AG4007678;Email;dsi.evc-comores@telma.mg;Active;2694007678
AbderemaneZAIDANE;AG4004615;Email;dsi.evc-comores@telma.mg;Active;2694004615
DHOIHAEROUDINEALIMOHAMEDALI1;AG4011278;Email;dsi.evc-comores@telma.mg;Active;2694011278
SAIDKOUDROI1;ME4004682;Email;dsi.evc-comores@telma.mg;Active;2694004682
AMBDILHABIBOU;AG4004356;Email;dsi.evc-comores@telma.mg;Active;2694004356
SANIAMOUSSA92;AG4009756;Email;dsi.evc-comores@telma.mg;Active;2694009756
BARAKAIDI1;AG4015918;Email;dsi.evc-comores@telma.mg;Active;2694015918
YOUSSOUFABDALLAH77;ME4015550;Email;dsi.evc-comores@telma.mg;Active;2694015550
SAANRIASALIM;AG4015637;Email;dsi.evc-comores@telma.mg;Active;2694015637
FREELANCERAN1;AG4004269;Email;dsi.evc-comores@telma.mg;Active;2694004269
POINTDEVENTE110;AG4015665;Email;dsi.evc-comores@telma.mg;Active;2694015665
SAINDOUBOURA89;AG4004921;Email;dsi.evc-comores@telma.mg;Active;2694004921
ADINANIINOUSSA;AG4006161;Email;dsi.evc-comores@telma.mg;Active;2694006161
CHAHARMANEALIMOHAMED2;TS4012190;Email;dsi.evc-comores@telma.mg;Active;2694012190
POINTDEVENTE700;AG4006696;Email;dsi.evc-comores@telma.mg;Active;2694006696
DAFHIDAYAMVOLA;EN4010351;Email;Nazlye.SAID@telma.km;Active;2694010351
ZAIDOUAHAMADA;AG4005132;Email;dsi.evc-comores@telma.mg;Active;2694005132
OBTDG;ME4013036;Email;dsi.evc-comores@telma.mg;Active;2694013036
ABDOULANLIMAHMEDSAID90;AG4011990;Email;dsi.evc-comores@telma.mg;Active;2694011990
ABASSIALI88;ME4012981;Email;dsi.evc-comores@telma.mg;Active;2694012981
KAZMIRBACAR;AG4010071;Email;dsi.evc-comores@telma.mg;Active;2694010071
ABOUMOHAMADI97;ME4012603;Email;dsi.evc-comores@telma.mg;Active;2694012603
ABDELKADERABOUBAKAR83;ME4012994;Email;dsi.evc-comores@telma.mg;Active;2694012994
HADIDJATMOHAMEDMAABAD;AG4006726;Email;dsi.evc-comores@telma.mg;Active;2694006726
ALHADHURIBRAHIMA;AG4010063;Email;dsi.evc-comores@telma.mg;Active;2694010063
FAOUZIAMOHAMED4;AG4011879;Email;dsi.evc-comores@telma.mg;Active;2694011879
IDRISSMOHAMEDABDOU;AG4011956;Email;dsi.evc-comores@telma.mg;Active;2694011956
DJAIDSAMSON12;AG4004812;Email;dsi.evc-comores@telma.mg;Active;2694004812
DHOULFAOUABDOUROIHAMANEONFI;AG4004741;Email;dsi.evc-comores@telma.mg;Active;2694004741
IBRAHIMDJAANFAR;AG4003460;Email;dsi.evc-comores@telma.mg;Active;2694003460
ANCHIKATIBOUCHRANE;AG4010297;Email;dsi.evc-comores@telma.mg;Active;2694010297
DAROUECHEYASSINE04;AG4010204;Email;dsi.evc-comores@telma.mg;Active;2694010204
RIZIKIMADJANI;AG4013871;Email;dsi.evc-comores@telma.mg;Active;2694013871
LESENFANTSDUTHEATREETISABELLE;ME4003450;Email;dsi.evc-comores@telma.mg;Active;2694003450
ROUMDATIHALOINE;AG4004979;Email;dsi.evc-comores@telma.mg;Active;2694004979
FREELANCERANFIA;AG4004516;Email;dsi.evc-comores@telma.mg;Active;2694004516
AychaNassimeDdine;AG4004254;Email;dsi.evc-comores@telma.mg;Active;2694004254
SALMATDJOUMOI;AG4004605;Email;dsi.evc-comores@telma.mg;Active;2694004605
FAZLATIAHMED;AG4004676;Email;dsi.evc-comores@telma.mg;Active;2694004676
POINTEDEVENTES00003;AG4015772;Email;dsi.evc-comores@telma.mg;Active;2694015772
HAFSWAADAMOU;AG4009713;Email;dsi.evc-comores@telma.mg;Active;2694009713
FREELANCERTESTDSI;AG4015610;Email;dsi.evc-comores@telma.mg;Active;2694015610
AHMEDCHARIZADE01;AG4015753;Email;dsi.evc-comores@telma.mg;Active;2694015753
FOMBONIYASSTORE;TS4011267;Email;Asdjad.HOUSSEN@telma.km;Active;2694011267
KAMALDDINEMOHAMEDIDAROUSSE;AG4005502;Email;dsi.evc-comores@telma.mg;Active;2694005502
ARTCOM;ME4012979;Email;dsi.evc-comores@telma.mg;Active;2694012979
ALIHOUMADI;AG4013887;Email;dsi.evc-comores@telma.mg;Active;2694013887
HASSANISAANDIRAOUDHOI;AG4011877;Email;dsi.evc-comores@telma.mg;Active;2694011877
IDJIHADIHADIDJA;AG4011995;Email;dsi.evc-comores@telma.mg;Active;2694011995
MBOREHAANLIA;AG4005889;Email;dsi.evc-comores@telma.mg;Active;2694005889
THAMARATIALIANI;AG4013064;Email;dsi.evc-comores@telma.mg;Active;2694013064
ANRABIASAIDHASSANIMAOULANA;AG4007667;Email;dsi.evc-comores@telma.mg;Active;2694007667
MARIECHARDABECHANYMSAIDYABED;AG4004724;Email;dsi.evc-comores@telma.mg;Active;2694004724
FOILIABDOU1;AG4010276;Email;dsi.evc-comores@telma.mg;Active;2694010276
MISBAHALIMOUIGNI;TS4003497;Email;dsi.evc-comores@telma.mg;Active;2694003497
YOUSSOUFMMADI96;AG4009738;Email;dsi.evc-comores@telma.mg;Active;2694009738
YOUSSOUFSAADIYOUSSOUF;AG4006119;Email;dsi.evc-comores@telma.mg;Active;2694006119
MDAHOMAFATIMAMDAHOMA;AG4006632;Email;dsi.evc-comores@telma.mg;Active;2694006632
ABDOUROIHAMANEMMADI49;AG4013249;Email;dsi.evc-comores@telma.mg;Active;2694013249
HANIATIABDOUROIHAMANE;AG4009359;Email;dsi.evc-comores@telma.mg;Active;2694009359
ICHATAALIHAMADI;AG4006772;Email;dsi.evc-comores@telma.mg;Active;2694006772
DAMIRBENALIANLIELWAFA;AG4008569;Email;dsi.evc-comores@telma.mg;Active;2694008569
NAIMAIBRAHIM4;AG4011878;Email;dsi.evc-comores@telma.mg;Active;2694011878
NASSUATIISHAKA;AG4012046;Email;dsi.evc-comores@telma.mg;Active;2694012046
RIDJALMOINDZE;AG4013452;Email;dsi.evc-comores@telma.mg;Active;2694013452
NASSERMOHAMEDSAID76;AG4004725;Email;dsi.evc-comores@telma.mg;Active;2694004725
TACHIRIFAMADHOINI;AG4004820;Email;dsi.evc-comores@telma.mg;Active;2694004820
RASTAIDATMOHAMED;TS4004782;Email;dsi.evc-comores@telma.mg;Active;2694004782
NAIFATAALIMOHAMEDNAI;AG4006065;Email;dsi.evc-comores@telma.mg;Active;2694006065
RAFIONABDOU;AG4004927;Email;dsi.evc-comores@telma.mg;Active;2694004927
ECHATALIWAFA93;AG4004903;Email;dsi.evc-comores@telma.mg;Active;2694004903
ZAINOULAMBIDINAABDALLAH;AG4004907;Email;dsi.evc-comores@telma.mg;Active;2694004907
MARIATAAHAMADA86;AG4009837;Email;dsi.evc-comores@telma.mg;Active;2694009837
OUMIKOULTHOUMMOHAMED;AG4004975;Email;dsi.evc-comores@telma.mg;Active;2694004975
IBRAHIMABDOUNOURDINE;AG4004959;Email;dsi.evc-comores@telma.mg;Active;2694004959
L4004500;L4004500;Email;dsi.evc-comores@telma.mg;Active;2694004500
TOIHIRYOUSSOUF1;AG4004666;Email;dsi.evc-comores@telma.mg;Active;2694004666
ATUYAAHAMADA;AG4004653;Email;dsi.evc-comores@telma.mg;Active;2694004653
POINTDEVENTE55555;AG4015879;Email;dsi.evc-comores@telma.mg;Active;2694015879
PCSECBANIEL;ME4015989;Email;dsi.evc-comores@telma.mg;Active;2694015989
AGCLABONNEADRESSE;ME4015758;Email;dsi.evc-comores@telma.mg;Active;2694015758
RAHAMATAELAMINE01;AG4004552;Email;dsi.evc-comores@telma.mg;Active;2694004552
ISMAELYOUSSOUF01;AG4015621;Email;dsi.evc-comores@telma.mg;Active;2694015621
SOUMAILAMCOLOOUSENI;AG4015960;Email;dsi.evc-comores@telma.mg;Active;2694015960
ZOULFAINAMADI;AG4010140;Email;dsi.evc-comores@telma.mg;Active;2694010140
COMBOABDOULANZIZ;AG4010174;Email;dsi.evc-comores@telma.mg;Active;2694010174
CAMARDINEISSAALI;AG4008439;Email;dsi.evc-comores@telma.mg;Active;2694008439
NADIAMBOUSSOURINAD;AG4009956;Email;dsi.evc-comores@telma.mg;Active;2694009956
MMADIHAMADAALI;AG4013464;Email;dsi.evc-comores@telma.mg;Active;2694013464
CHAMSIAHASSANI97;AG4012797;Email;dsi.evc-comores@telma.mg;Active;2694012797
BACARBOUNOUAMINA;AG4005794;Email;dsi.evc-comores@telma.mg;Active;2694005794
FAHIZEMOHAMED;AG4011373;Email;dsi.evc-comores@telma.mg;Active;2694011373
ADIHAMESOUF01;AG4015734;Email;dsi.evc-comores@telma.mg;Active;2694015734
FAOUKADJAMALABDOU;AG4004430;Email;dsi.evc-comores@telma.mg;Active;2694004430
TOUFIKADAOUD92;AG4004842;Email;dsi.evc-comores@telma.mg;Active;2694004842
FRNDRONDRONI;ME4011279;Email;dsi.evc-comores@telma.mg;Active;2694011279
DHOUHOUROIAHAMADA1;AG4004681;Email;dsi.evc-comores@telma.mg;Active;2694004681
CHAHASSUIALIFATAIBRAHIM;AG4004344;Email;dsi.evc-comores@telma.mg;Active;2694004344
MOUENTOISSUMRIDHOINECHAFFI;AG4004437;Email;dsi.evc-comores@telma.mg;Active;2694004437
IBRAHIMALIMSA1;AG4009737;Email;dsi.evc-comores@telma.mg;Active;2694009737
ELHADJIHOUMADI1;AG4004364;Email;dsi.evc-comores@telma.mg;Active;2694004364
SAIDMSA01;AG4010258;Email;dsi.evc-comores@telma.mg;Active;2694010258
MOHAMEDALI2;AG4004617;Email;dsi.evc-comores@telma.mg;Active;2694004617
MARIAMAMOHAMED;AG4004598;Email;dsi.evc-comores@telma.mg;Active;2694004598
MMADIIBRAHIMM;AG4004716;Email;dsi.evc-comores@telma.mg;Active;2694004716
AHAMADAABDEREMANE;TS4015718;Email;dsi.evc-comores@telma.mg;Active;2694015718
MADINAHERMINEALIMOHAMEDZAKARIA;AG4009770;Email;dsi.evc-comores@telma.mg;Active;2694009770
ECHATASAIDABDOU1;AG4009771;Email;dsi.evc-comores@telma.mg;Active;2694009771
MCHARICHISAMIR;AG4006614;Email;dsi.evc-comores@telma.mg;Active;2694006614
HAKIMSANIANTIHAKIM;AG4006138;Email;dsi.evc-comores@telma.mg;Active;2694006138
FAHARDINESAIDFAHAR;AG4006511;Email;dsi.evc-comores@telma.mg;Active;2694006511
DINIABDILLAHDINI;AG4005263;Email;dsi.evc-comores@telma.mg;Active;2694005263
AFFANENOURDINEAFFANE;AG4006756;Email;dsi.evc-comores@telma.mg;Active;2694006756
LOUTFIABOUDOULOUTFI;AG4012832;Email;dsi.evc-comores@telma.mg;Active;2694012832
DJAFFARABDILLAHMOUNIR;AG4007252;Email;dsi.evc-comores@telma.mg;Active;2694007252
HAMIDAHOUMADIHAMIDA;AG4007407;Email;dsi.evc-comores@telma.mg;Active;2694007407
MOUZAOIRMOHAMEDMOUZAOIR;AG4006355;Email;dsi.evc-comores@telma.mg;Active;2694006355
SOUTIENMARIAGE;ME4015757;Email;dsi.evc-comores@telma.mg;Active;2694015757
Pointdevente13;AG4004696;Email;dsi.evc-comores@telma.mg;Active;2694004696
Pointdevente16;AG4004608;Email;dsi.evc-comores@telma.mg;Active;2694004608
SAIDALIABDALLAH;AG4011524;Email;dsi.evc-comores@telma.mg;Active;2694011524
MOHAMEDAHAMEDMROIVILI;AG4006768;Email;dsi.evc-comores@telma.mg;Active;2694006768
AMINEABDALLAHAMINE;AG4008871;Email;dsi.evc-comores@telma.mg;Active;2694008871
ECHATAMOUSSA47;AG4006747;Email;dsi.evc-comores@telma.mg;Active;2694006747
ANFIFAMOHAMEDMED;AG4010021;Email;dsi.evc-comores@telma.mg;Active;2694010021
MSANKASI;ME4012966;Email;dsi.evc-comores@telma.mg;Active;2694012966
LAILINABACAR;AG4013047;Email;dsi.evc-comores@telma.mg;Active;2694013047
ANFIFDDINEATTOUMANI;AG4012041;Email;dsi.evc-comores@telma.mg;Active;2694012041
SOUMAILAAHAMED1;AG4004855;Email;dsi.evc-comores@telma.mg;Active;2694004855
CHAMSSIAYOUSSOUF1;AG4004586;Email;dsi.evc-comores@telma.mg;Active;2694004586
IBRAHIMALHADHUR1;AG4009823;Email;dsi.evc-comores@telma.mg;Active;2694009823
MOUSSAAHAMADA02;AG4009776;Email;dsi.evc-comores@telma.mg;Active;2694009776
ComoresenLigne2;AG4010353;Email;contact@comores-en-ligne.fr;Active;2694010353
FAOUZAAHAMADA;AG4004604;Email;dsi.evc-comores@telma.mg;Active;2694004604
ABBDOULLAHSAIDOMOR;AG4010209;Email;dsi.evc-comores@telma.mg;Active;2694010209
HAIDARAHAMDAHAIDAR;AG4011834;Email;dsi.evc-comores@telma.mg;Active;2694011834
MEDINAFESTIVAL0960;ME4010960;Email;dsi.evc-comores@telma.mg;Active;2694010960
LAIDINESOULAIMANALAI;AG4006844;Email;dsi.evc-comores@telma.mg;Active;2694006844
KARIMARIZIKISOUMAILA;AG4006846;Email;dsi.evc-comores@telma.mg;Active;2694006846
FAKRIKAISSANIFAKRI;AG4013165;Email;dsi.evc-comores@telma.mg;Active;2694013165
MMADIBOUNOUMOINDJIE;AG4006802;Email;dsi.evc-comores@telma.mg;Active;2694006802
ANMARALIYOUSSOUF;AG4008661;Email;dsi.evc-comores@telma.mg;Active;2694008661
HOUMADISAIDIBRAHIM;AG4009917;Email;dsi.evc-comores@telma.mg;Active;2694009917
NADJMAMOHAMEDNADJMA;AG4010024;Email;dsi.evc-comores@telma.mg;Active;2694010024
HAIRIAAHMEDHAIRIA;AG4009025;Email;dsi.evc-comores@telma.mg;Active;2694009025
SAANRATIMMADIMSA;AG4006115;Email;dsi.evc-comores@telma.mg;Active;2694006115
MADJIDMCHANGAMAMOILIM;AG4006194;Email;dsi.evc-comores@telma.mg;Active;2694006194
SAMISDINECHAKIRSAM;AG4013262;Email;dsi.evc-comores@telma.mg;Active;2694013262
AHAMADAMAHAMOUD13;AG4006713;Email;dsi.evc-comores@telma.mg;Active;2694006713
HALIMASAIDINA54;AG4010854;Email;dsi.evc-comores@telma.mg;Active;2694010854
ILIASSADJOUMOI81;AG4013481;Email;dsi.evc-comores@telma.mg;Active;2694013481
SAIFATAMHOUDINE29;AG4011929;Email;dsi.evc-comores@telma.mg;Active;2694011929
AHMEDHASSANE63;AG4008563;Email;dsi.evc-comores@telma.mg;Active;2694008563
AbchiroulHair;AG4013953;Email;dsi.evc-comores@telma.mg;Active;2694013953
MOUHIDINEATTOUMANE38;AG4006838;Email;dsi.evc-comores@telma.mg;Active;2694006838
SOPHIAZAMIR;AG4008311;Email;dsi.evc-comores@telma.mg;Active;2694008311
SOUMAIATMOHAMEDSAID;AG4012779;Email;dsi.evc-comores@telma.mg;Active;2694012779
OUBEIDATAHAMIDOU;AG4006151;Email;dsi.evc-comores@telma.mg;Active;2694006151
ANSOIRIBRAHIMHOUMADI;AG4013998;Email;dsi.evc-comores@telma.mg;Active;2694013998
SOIFIANADHUFANE;AG4011372;Email;dsi.evc-comores@telma.mg;Active;2694011372
SANDIAIBRAHIMABDALLAH;AG4008256;Email;dsi.evc-comores@telma.mg;Active;2694008256
OMARAHMED;AG4010813;Email;dsi.evc-comores@telma.mg;Active;2694010813
MOINERIZIKIYOUSSOUFDJAE;AG4013083;Email;dsi.evc-comores@telma.mg;Active;2694013083
NASSERDINESOILIHI89;AG4003449;Email;dsi.evc-comores@telma.mg;Active;2694003449
HAIDAZOUBERT88;AG4004911;Email;dsi.evc-comores@telma.mg;Active;2694004911
SALIMYOUSSOUFADAM;AG4013137;Email;dsi.evc-comores@telma.mg;Active;2694013137
IHISSANEHAFIDHOU;AG4004868;Email;dsi.evc-comores@telma.mg;Active;2694004868
IBRAHIMSAADICHIONI01;ME4009750;Email;dsi.evc-comores@telma.mg;Active;2694009750
TOISSIMFAHAR67;AG4005515;Email;dsi.evc-comores@telma.mg;Active;2694005515
NathraAbdallah;AG4008475;Email;dsi.evc-comores@telma.mg;Active;2694008475
SOCHITELSOCHITEL50;AG4010350;Email;Nazlye.SAID@telma.km;Active;2694010350
ABDOUHOURAIROIOUSSENI;AG4004889;Email;dsi.evc-comores@telma.mg;Active;2694004889
HASSANIBAHATI1;AG4009843;Email;dsi.evc-comores@telma.mg;Active;2694009843
IDRISSEMOHAMEDHOUSSEINE;AG4004846;Email;dsi.evc-comores@telma.mg;Active;2694004846
BADAENTIMOHAMED;AG4004880;Email;dsi.evc-comores@telma.mg;Active;2694004880
HIKMATIISSIAKA;AG4009726;Email;dsi.evc-comores@telma.mg;Active;2694009726
HAIRATSAIDALI;AG4009817;Email;dsi.evc-comores@telma.mg;Active;2694009817
ADINANEAHAMADAKOLIHA;AG4009764;Email;dsi.evc-comores@telma.mg;Active;2694009764
MOINDJIEFAIDATANAIS;AG4015682;Email;dsi.evc-comores@telma.mg;Active;2694015682
ABDOUMZESAID;AG4012642;Email;dsi.evc-comores@telma.mg;Active;2694012642
YAHAIAAVIZARANADIA;AG4012813;Email;dsi.evc-comores@telma.mg;Active;2694012813
ZAIDALISAID;AG4010825;Email;dsi.evc-comores@telma.mg;Active;2694010825
FANIAMMADIHASSANI;AG4013459;Email;dsi.evc-comores@telma.mg;Active;2694013459
IBRAHIMALIMSOMA;AG4005203;Email;dsi.evc-comores@telma.mg;Active;2694005203
AHMEDHOUSSEINISAIDALI;AG4010623;Email;dsi.evc-comores@telma.mg;Active;2694010623
MARIAMAMSAIDIMARI;AG4007622;Email;dsi.evc-comores@telma.mg;Active;2694007622
MARIAMAYOUSSOUFMARI;AG4013179;Email;dsi.evc-comores@telma.mg;Active;2694013179
SAIDMOHAMEDCHARIF;AG4005979;Email;dsi.evc-comores@telma.mg;Active;2694005979
ABDILLAHCHAHIDIABDILLAHI;AG4007295;Email;dsi.evc-comores@telma.mg;Active;2694007295
MISBAHOUIBRAHIMMISBAHOU;AG4007684;Email;dsi.evc-comores@telma.mg;Active;2694007684
KAMALALIMBARAKA0;AG4005780;Email;dsi.evc-comores@telma.mg;Active;2694005780
SOILIHINANAOUIROUABDALLAH;AG4011363;Email;dsi.evc-comores@telma.mg;Active;2694011363
HAIRIDINEOMAR91;AG4008791;Email;dsi.evc-comores@telma.mg;Active;2694008791
HOULOUFATIMADIMOEGNE32;AG4007132;Email;dsi.evc-comores@telma.mg;Active;2694007132
MOUSSAHAMAD;AG4011887;Email;dsi.evc-comores@telma.mg;Active;2694011887
MHOUDINEMMADIDJAE;AG4012613;Email;dsi.evc-comores@telma.mg;Active;2694012613
HAFIDHOUTOILIBOU;AG4013895;Email;dsi.evc-comores@telma.mg;Active;2694013895
KADRIBENHAMADA;TS4010213;Email;dsi.evc-comores@telma.mg;Active;2694010213
HABIBOUBOURAABDOU01;AG4009720;Email;dsi.evc-comores@telma.mg;Active;2694009720
ALICHAABANE95;AG4009792;Email;dsi.evc-comores@telma.mg;Active;2694009792
SAIDELHADBENABDOU;AG4004366;Email;dsi.evc-comores@telma.mg;Active;2694004366
ANROIBIAALIYSSOUF;AG4004517;Email;dsi.evc-comores@telma.mg;Active;2694004517
KAOUTHARAISSOUFSAID;AG4004564;Email;dsi.evc-comores@telma.mg;Active;2694004564
ANCHOUROIATHOUMANISALIM;AG4011622;Email;dsi.evc-comores@telma.mg;Active;2694011622
WANASCONCERT2;ME4015652;Email;dsi.evc-comores@telma.mg;Active;2694015652
WANASCONCERT3;ME4015651;Email;dsi.evc-comores@telma.mg;Active;2694015651
ZAKARIASAANDI;AG4015536;Email;dsi.evc-comores@telma.mg;Active;2694015536
EchatSaindou;AG4005948;Email;dsi.evc-comores@telma.mg;Active;2694005948
ZAINATIAHAMADA;AG4013486;Email;dsi.evc-comores@telma.mg;Active;2694013486
ABDOUNADHOIRI;AG4013950;Email;dsi.evc-comores@telma.mg;Active;2694013950
MOHAMEDAHAMADA08;AG4005642;Email;dsi.evc-comores@telma.mg;Active;2694005642
ZainaJoli;AG4008307;Email;dsi.evc-comores@telma.mg;Active;2694008307
ROYALQUEEN;ME4013005;Email;dsi.evc-comores@telma.mg;Active;2694013005
SHOPAEOPORTSA;AG4013515;Email;dsi.evc-comores@telma.mg;Active;2694013515
MANSOUROMARABDALLAH;AG4005411;Email;dsi.evc-comores@telma.mg;Active;2694005411
MAXIMEZAINABA;AG4013436;Email;dsi.evc-comores@telma.mg;Active;2694013436
MOHAMEDSOILIHI;AG4013954;Email;dsi.evc-comores@telma.mg;Active;2694013954
HAMADIIBRAHIM;AG4004648;Email;dsi.evc-comores@telma.mg;Active;2694004648
NAHERABDOU1;AG4004703;Email;dsi.evc-comores@telma.mg;Active;2694004703
IBRAHIMAHMEDIBRAHIM;AG4013243;Email;dsi.evc-comores@telma.mg;Active;2694013243
CHAFRAALLAOUIOUSSENE;AG4005301;Email;dsi.evc-comores@telma.mg;Active;2694005301
ZAKIACHEIKHZAKIA;AG4006210;Email;dsi.evc-comores@telma.mg;Active;2694006210
RAINIAATHOUMANIRAINIA;AG4012765;Email;dsi.evc-comores@telma.mg;Active;2694012765
HASSANIMYRIAM;AG4006212;Email;dsi.evc-comores@telma.mg;Active;2694006212
ABDALLAHAHMEDSIMA;AG4006901;Email;dsi.evc-comores@telma.mg;Active;2694006901
MACHOUHOULIMSSADJAE;AG4005653;Email;dsi.evc-comores@telma.mg;Active;2694005653
STATIONBAOZAMI3;AG4011974;Email;dsi.evc-comores@telma.mg;Active;2694011974
BENDJADIDALITAMOU;AG4010247;Email;dsi.evc-comores@telma.mg;Active;2694010247
AMIRHALIDI87;AG4004786;Email;dsi.evc-comores@telma.mg;Active;2694004786
YAZIDABDOUSALAMI1;AG4010283;Email;dsi.evc-comores@telma.mg;Active;2694010283
RAFAYELABDOUSAID1;AG4010279;Email;dsi.evc-comores@telma.mg;Active;2694010279
EALAMOUNIYATMINDHIR1;AG4010284;Email;dsi.evc-comores@telma.mg;Active;2694010284
SOYHATIABDOU76;AG4004902;Email;dsi.evc-comores@telma.mg;Active;2694004902
DHOULKARENAINETOILEDINE;AG4004864;Email;dsi.evc-comores@telma.mg;Active;2694004864
MOHAMEDABDOULWAHAB83;AG4013271;Email;dsi.evc-comores@telma.mg;Active;2694013271
MOHAMEDHAMIDOU89;AG4009745;Email;dsi.evc-comores@telma.mg;Active;2694009745
MARIAMAMOUIGNI1;AG4009719;Email;dsi.evc-comores@telma.mg;Active;2694009719
MOINAHERIMRAMBOINI;AG4003505;Email;dsi.evc-comores@telma.mg;Active;2694003505
MOUSTADRANERIDJALI20;AG4004972;Email;dsi.evc-comores@telma.mg;Active;2694004972
ANFAIDINENADHUM;AG4004785;Email;dsi.evc-comores@telma.mg;Active;2694004785
HAMADAMMADIASSAD98;AG4003491;Email;dsi.evc-comores@telma.mg;Active;2694003491
YOUSSOUFSOIDIKI90;AG4003447;Email;dsi.evc-comores@telma.mg;Active;2694003447
ROUZOUNATIBACARALLAOUI;AG4004780;Email;dsi.evc-comores@telma.mg;Active;2694004780
HADJIRARADJABOU85;AG4010286;Email;dsi.evc-comores@telma.mg;Active;2694010286
HASSANIBAHATI78;AG4006753;Email;dsi.evc-comores@telma.mg;Active;2694006753
AHAMEDSAINDOU;AG4004917;Email;dsi.evc-comores@telma.mg;Active;2694004917
TISSIATISAIDMOUSSA;AG4010983;Email;dsi.evc-comores@telma.mg;Active;2694010983
TISSIATISAIDMOUSSA93;AG4004974;Email;dsi.evc-comores@telma.mg;Active;2694004974
HOUSSENSINDZANOU;AG4009765;Email;dsi.evc-comores@telma.mg;Active;2694009765
NASSURIAAHMED;ME4004779;Email;dsi.evc-comores@telma.mg;Active;2694004779
ANZIDANEHALIFAHIMIDI;AG4004773;Email;dsi.evc-comores@telma.mg;Active;2694004773
OMADIAHMED;AG4004999;Email;dsi.evc-comores@telma.mg;Active;2694004999
SELEMANIFATIMA;AG4009794;Email;dsi.evc-comores@telma.mg;Active;2694009794
SOILDATTOIHA;AG4004831;Email;dsi.evc-comores@telma.mg;Active;2694004831
MOUNIRISSAABDALLAH;AG4004589;Email;dsi.evc-comores@telma.mg;Active;2694004589
MOUHLISSOU;AG4004853;Email;dsi.evc-comores@telma.mg;Active;2694004853
HASSANATIKASSIM1;AG4004525;Email;dsi.evc-comores@telma.mg;Active;2694004525
NDROUBINI;ME4012972;Email;dsi.evc-comores@telma.mg;Active;2694012972
ZAHARAMOINAIDI;AG4009249;Email;dsi.evc-comores@telma.mg;Active;2694009249
ZAINASOULADAOU;AG4013028;Email;dsi.evc-comores@telma.mg;Active;2694013028
MOHAMEDSOIDROUDINE86;AG4012664;Email;dsi.evc-comores@telma.mg;Active;2694012664
MMADIMOGNE1;AG4013017;Email;dsi.evc-comores@telma.mg;Active;2694013017
YANKOUBMFOUNGOULIE;AG4003500;Email;dsi.evc-comores@telma.mg;Active;2694003500
MARIAMAIMAMOUALI83;AG4006506;Email;dsi.evc-comores@telma.mg;Active;2694006506
AHMEDABDOUSAID1;AG4004997;Email;dsi.evc-comores@telma.mg;Active;2694004997
MOUHOUDIISMAEL;AG4007160;Email;dsi.evc-comores@telma.mg;Active;2694007160
LAILAFARID;AG4005660;Email;dsi.evc-comores@telma.mg;Active;2694005660
FATOUMIAABDILLAHFATOU;AG4006591;Email;dsi.evc-comores@telma.mg;Active;2694006591
HADIDJAALISAID;AG4009683;Email;dsi.evc-comores@telma.mg;Active;2694009683
NOUZOUHATIMOHAMEDNOUZOU;AG4005922;Email;dsi.evc-comores@telma.mg;Active;2694005922
ELISABETHEBAOINAIDI;AG4011811;Email;dsi.evc-comores@telma.mg;Active;2694011811
AMINATADAROUECHEAMINATA;AG4006497;Email;dsi.evc-comores@telma.mg;Active;2694006497
MOURFIDEMOUSSAMOUR;AG4005892;Email;dsi.evc-comores@telma.mg;Active;2694005892
DHANOURAHAMADI;AG4013907;Email;dsi.evc-comores@telma.mg;Active;2694013907
SAOUDATIYOUSSOUF;AG4013489;Email;dsi.evc-comores@telma.mg;Active;2694013489
YOUSSOUFALI03;AG4005303;Email;dsi.evc-comores@telma.mg;Active;2694005303
MBAEALIMMADI;AG4006358;Email;dsi.evc-comores@telma.mg;Active;2694006358
MOHAMEDMHADJIRI50;AG4012350;Email;dsi.evc-comores@telma.mg;Active;2694012350
MARIEMMADI49;AG4011749;Email;dsi.evc-comores@telma.mg;Active;2694011749
SOYIHATIISSOUF;AG4013917;Email;dsi.evc-comores@telma.mg;Active;2694013917
ZAKIATIBRAHIM;AG4006168;Email;dsi.evc-comores@telma.mg;Active;2694006168
FAIDHOINEYAHOUDHOI273;AG4011923;Email;dsi.evc-comores@telma.mg;Active;2694011923
123SOLEILPC;ME4012960;Email;dsi.evc-comores@telma.mg;Active;2694012960
ZAHARAMOHAMEDSOULE;AG4013274;Email;dsi.evc-comores@telma.mg;Active;2694013274
IBRAHIMBOURHANE;ME4012925;Email;dsi.evc-comores@telma.mg;Active;2694012925
KOPEMAYCOMISSER;AG4010413;Email;dsi.evc-comores@telma.mg;Active;2694010413
KINETHERAPIEFATOUMA;AG4012936;Email;dsi.evc-comores@telma.mg;Active;2694012936
ABOUMOHAMEDALI;AG4005525;Email;dsi.evc-comores@telma.mg;Active;2694005525
FREELANCEURZOURIANTI;AG4013982;Email;dsi.evc-comores@telma.mg;Active;2694013982
FREELANCEURASSADI;AG4013978;Email;dsi.evc-comores@telma.mg;Active;2694013978
BAHATIABO;AG4013976;Email;dsi.evc-comores@telma.mg;Active;2694013976
DJAMILAOMAR;AG4010729;Email;dsi.evc-comores@telma.mg;Active;2694010729
FEMMEPILIERDEDEVELOPPEMENT;ME4013035;Email;dsi.evc-comores@telma.mg;Active;2694013035
YVANIGSARLU1;ME4013861;Email;dsi.evc-comores@telma.mg;Active;2694013861
ADMERABOUBACAR;AG4012013;Email;dsi.evc-comores@telma.mg;Active;2694012013
MounissatiHoussamouddine;AG4007921;Email;dsi.evc-comores@telma.mg;Active;2694007921
ECOLEPRIMAIREBASSIMASOUMREMANI;ME4013868;Email;dsi.evc-comores@telma.mg;Active;2694013868
ROUFOUANTISOILIHISOIEF;AG4010703;Email;dsi.evc-comores@telma.mg;Active;2694010703
WARDATIALI20;AG4013029;Email;dsi.evc-comores@telma.mg;Active;2694013029
YOUSSOUFFATIMA;ME4012610;Email;dsi.evc-comores@telma.mg;Active;2694012610
HAZADOM;ME4012965;Email;dsi.evc-comores@telma.mg;Active;2694012965
ROUKIAMBAE;AG4013453;Email;dsi.evc-comores@telma.mg;Active;2694013453
ASMAOUMOHAMEDABDOUABDALLAH;AG4013069;Email;dsi.evc-comores@telma.mg;Active;2694013069
BACARHASSANI4;AG4009103;Email;dsi.evc-comores@telma.mg;Active;2694009103
HASSOISSEAHMED;AG4015880;Email;dsi.evc-comores@telma.mg;Active;2694015880
FAISSOILISSIHAKA01;AG4015540;Email;dsi.evc-comores@telma.mg;Active;2694015540
OIHIDOUABDALLAHSALIM1;TS4013644;Email;dsi.evc-comores@telma.mg;Active;2694013644
RAKIBOUIBRAHIM;TS4010150;Email;dsi.evc-comores@telma.mg;Active;2694010150
MOHAMEDSIDIBADRIA;AG4008252;Email;dsi.evc-comores@telma.mg;Active;2694008252
MAANFOUSAIDMAANFOU;AG4007419;Email;dsi.evc-comores@telma.mg;Active;2694007419
MOUSSAAHMED;AG4010479;Email;dsi.evc-comores@telma.mg;Active;2694010479
ASSIMATAISMAILA07;AG4013507;Email;dsi.evc-comores@telma.mg;Active;2694013507
SIMTEST;TS4013090;Email;dsi.evc-comores@telma.mg;Active;2694013090
FatoumaAhamada;AG4012095;Email;dsi.evc-comores@telma.mg;Active;2694012095
MARIAMASAID28;AG4013528;Email;dsi.evc-comores@telma.mg;Active;2694013528
MOHAMEDABDOU1;AG4009378;Email;dsi.evc-comores@telma.mg;Active;2694009378
IDRISSEISMAELYAHAYA91;ME4012606;Email;dsi.evc-comores@telma.mg;Active;2694012606
EPPSALIMANI;ME4012197;Email;dsi.evc-comores@telma.mg;Active;2694012197
EPPNTSADJENI;ME4009978;Email;dsi.evc-comores@telma.mg;Active;2694009978
AYADEMOHAMEDHOUMADI;TS4004800;Email;dsi.evc-comores@telma.mg;Active;2694004800
BACARAHAMADA1;TS4013024;Email;dsi.evc-comores@telma.mg;Active;2694013024
ABDULAZIZASSANI;TS4013022;Email;dsi.evc-comores@telma.mg;Active;2694013022
ABOUBACARNOURDINE01;ME4010272;Email;dsi.evc-comores@telma.mg;Active;2694010272
NAYALSAINDOU;AG4004969;Email;dsi.evc-comores@telma.mg;Active;2694004969
FATOUMABACAR1;AG4003482;Email;dsi.evc-comores@telma.mg;Active;2694003482
ANRIFAALISAID01;AG4004938;Email;dsi.evc-comores@telma.mg;Active;2694004938
FREELANCERAN3;AG4004513;Email;dsi.evc-comores@telma.mg;Active;2694004513
MOUNIROUBENDJAMAL;AG4004332;Email;dsi.evc-comores@telma.mg;Active;2694004332
FREELANCERAN15;AG4004343;Email;dsi.evc-comores@telma.mg;Active;2694004343
HACHIANTIHADHAROUNI01;AG4015679;Email;dsi.evc-comores@telma.mg;Active;2694015679
MOUDJITABAHOUMADI01;AG4015680;Email;dsi.evc-comores@telma.mg;Active;2694015680
FAOUZIAYOUNOUSSA01;AG4015749;Email;dsi.evc-comores@telma.mg;Active;2694015749
DJOUMOIAHAMADADJOUMOI;AG4005240;Email;dsi.evc-comores@telma.mg;Active;2694005240
FAHAMIAFARIDDJAMBAE;AG4013432;Email;dsi.evc-comores@telma.mg;Active;2694013432
ABDOULHAFOURYOUSSOUF;AG4013510;Email;dsi.evc-comores@telma.mg;Active;2694013510
ONRKIYAAHMED;AG4004809;Email;dsi.evc-comores@telma.mg;Active;2694004809
NAIROUZIBRAHIM;AG4004804;Email;dsi.evc-comores@telma.mg;Active;2694004804
IFHAMAHMEDRAKIB;AG4004795;Email;dsi.evc-comores@telma.mg;Active;2694004795
FAIZATIAHAMADA;AG4004729;Email;dsi.evc-comores@telma.mg;Active;2694004729
ILDASOIFIDINE94;AG4004814;Email;dsi.evc-comores@telma.mg;Active;2694004814
ZALHATAABDILLAH91;AG4003461;Email;dsi.evc-comores@telma.mg;Active;2694003461
ANDHOIMOUMADIMOUSSA;AG4010124;Email;dsi.evc-comores@telma.mg;Active;2694010124
ZALHATAYOUSSOUF01;AG4004433;Email;dsi.evc-comores@telma.mg;Active;2694004433
SOINAENTIABDALLAHSAID;AG4004355;Email;dsi.evc-comores@telma.mg;Active;2694004355
ABOUTOIHIALI1;AG4004319;Email;dsi.evc-comores@telma.mg;Active;2694004319
SELEMANIFATIMA1;AG4004590;Email;dsi.evc-comores@telma.mg;Active;2694004590
FAHAMOEYOUSSOUF1;AG4009926;Email;dsi.evc-comores@telma.mg;Active;2694009926
MOHAMEDHOUMADI1;AG4004317;Email;dsi.evc-comores@telma.mg;Active;2694004317
ZARANTIBACARIALIMOINDZE;AG4004658;Email;dsi.evc-comores@telma.mg;Active;2694004658
TOUMAIBRAHIM;AG4012817;Email;dsi.evc-comores@telma.mg;Active;2694012817
SALWAAHAMADA1;AG4004399;Email;dsi.evc-comores@telma.mg;Active;2694004399
LEGOBATHEGATE;ME4004646;Email;dsi.evc-comores@telma.mg;Active;2694004646
MOHAMEDRACHADI;AG4004623;Email;dsi.evc-comores@telma.mg;Active;2694004623
NASSURMBAEMNEMOI;AG4011943;Email;dsi.evc-comores@telma.mg;Active;2694011943
ALIAHMEDYOUSSOUF8;AG4011938;Email;dsi.evc-comores@telma.mg;Active;2694011938
SITTIFATIMAAHAMED;AG4013875;Email;dsi.evc-comores@telma.mg;Active;2694013875
SOIBIRAAHAMADA72;AG4006272;Email;dsi.evc-comores@telma.mg;Active;2694006272
HOTELALIBABA;ME4013993;Email;dsi.evc-comores@telma.mg;Active;2694013993
HADIDJAABDOUIBRAHIM;AG4013155;Email;dsi.evc-comores@telma.mg;Active;2694013155
DICTINEAHMED;AG4012056;Email;dsi.evc-comores@telma.mg;Active;2694012056
FREELANCERFAIZDINE;AG4012064;Email;dsi.evc-comores@telma.mg;Active;2694012064
CRDE;ME4012977;Email;dsi.evc-comores@telma.mg;Active;2694012977
ALIMOHAMEDBOUTIQUE;AG4013995;Email;dsi.evc-comores@telma.mg;Active;2694013995
L4004196;L4004196;Email;dsi.evc-comores@telma.mg;Active;2694004196
CB2W;AG4012323;Email;dsi.evc-comores@telma.mg;Active;2694012323
SITTISAIDALI;AG4008558;Email;dsi.evc-comores@telma.mg;Active;2694008558
CHAMSSIDDINEALICHAMS;AG4007414;Email;dsi.evc-comores@telma.mg;Active;2694007414
ABOUBACARABDALLAH;AG4005812;Email;dsi.evc-comores@telma.mg;Active;2694005812
TSVOLOVOLO400;AG4009397;Email;dsi.evc-comores@telma.mg;Active;2694009397
NASSURDINEBAKAR;AG4011690;Email;dsi.evc-comores@telma.mg;Active;2694011690
BAHIAYOUSSOUFMONDOHA;AG4005164;Email;dsi.evc-comores@telma.mg;Active;2694005164
FRANCHISECORNERBIC;AG4011686;Email;dsi.evc-comores@telma.mg;Active;2694011686
ROUKIAISMAEL;AG4013270;Email;dsi.evc-comores@telma.mg;Active;2694013270
RASMIYABACAR;AG4012791;Email;dsi.evc-comores@telma.mg;Active;2694012791
OMARSIADHOUMADI;AG4006247;Email;dsi.evc-comores@telma.mg;Active;2694006247
ANRAFAABOU;AG4008843;Email;dsi.evc-comores@telma.mg;Active;2694008843
FAHARIMOHAMEALI;AG4013219;Email;dsi.evc-comores@telma.mg;Active;2694013219
RZ4004151;RZ4004151;Email;dsi.evc-comores@telma.mg;Active;2694004151
L4004198;L4004198;Email;dsi.evc-comores@telma.mg;Active;2694004198
ATHOUMANIISSA;ME4011157;Email;dsi.evc-comores@telma.mg;Active;2694011157
MIFTAHOUANLIMIFTAHOU;AG4005919;Email;dsi.evc-comores@telma.mg;Active;2694005919
SOILIHIIBRAHIMSOILIHI;AG4006751;Email;dsi.evc-comores@telma.mg;Active;2694006751
ABDOULHAFOURMZE;AG4009948;Email;dsi.evc-comores@telma.mg;Active;2694009948
ABDELAZIZMCHANGAMAABDELAZIZ;AG4005161;Email;dsi.evc-comores@telma.mg;Active;2694005161
YOUSSOUFMMADI09;AG4006509;Email;dsi.evc-comores@telma.mg;Active;2694006509
NAIMAALIOILI;AG4013920;Email;dsi.evc-comores@telma.mg;Active;2694013920
BADROUDINEMMADI;AG4005168;Email;dsi.evc-comores@telma.mg;Active;2694005168
BOUTIQUEKAMARIA;ME4012941;Email;dsi.evc-comores@telma.mg;Active;2694012941
SAIDMBAESAID;AG4011934;Email;dsi.evc-comores@telma.mg;Active;2694011934
ALIMMADI35;AG4011935;Email;dsi.evc-comores@telma.mg;Active;2694011935
HAFOUSSOITMOUANDHUI;AG4012075;Email;dsi.evc-comores@telma.mg;Active;2694012075
DJABALCLUBICONI;ME4012954;Email;dsi.evc-comores@telma.mg;Active;2694012954
DJABALCLUBIC;ME4012955;Email;dsi.evc-comores@telma.mg;Active;2694012955
BOUTIQUESAIDNGAZI;ME4012983;Email;dsi.evc-comores@telma.mg;Active;2694012983
FAHALITHOUENI;AG4010069;Email;dsi.evc-comores@telma.mg;Active;2694010069
ALIANEYOUSSOUFABDALLAH;AG4006105;Email;dsi.evc-comores@telma.mg;Active;2694006105
L4004103;L4004103;Email;dsi.evc-comores@telma.mg;Active;2694004103
DARKAOUIHOUMADI;AG4005838;Email;dsi.evc-comores@telma.mg;Active;2694005838
SOLAIMANAMAROUDHUYA;AG4007646;Email;dsi.evc-comores@telma.mg;Active;2694007646
SITTICOMBOIBRAHIM;AG4010322;Email;dsi.evc-comores@telma.mg;Active;2694010322
HOUDHAIFIABDOULHAMID;AG4011799;Email;dsi.evc-comores@telma.mg;Active;2694011799
HOUROITIHADHIRINA;AG4010414;Email;dsi.evc-comores@telma.mg;Active;2694010414
HASSANIABDOULOULOU;AG4005229;Email;dsi.evc-comores@telma.mg;Active;2694005229
IDRISSEBACAR;AG4006827;Email;dsi.evc-comores@telma.mg;Active;2694006827
AMIRMANSOIBMAVOUNA;AG4006372;Email;dsi.evc-comores@telma.mg;Active;2694006372
HAOULATAOUMAR;AG4008185;Email;dsi.evc-comores@telma.mg;Active;2694008185
NOURIATAHADJIMDOIHOMA;AG4009289;Email;dsi.evc-comores@telma.mg;Active;2694009289
SALOITIFAHIRDINE;AG4010428;Email;dsi.evc-comores@telma.mg;Active;2694010428
NABHANECHIBACONABHANE;AG4007403;Email;dsi.evc-comores@telma.mg;Active;2694007403
AHAMADAMOHAMEDAHAMADA;AG4005625;Email;dsi.evc-comores@telma.mg;Active;2694005625
ELHADMAHAMOUDANLI;AG4006417;Email;dsi.evc-comores@telma.mg;Active;2694006417
NOURDINESOUDJAYNOUR;AG4009082;Email;dsi.evc-comores@telma.mg;Active;2694009082
ABDOUDJAMILEABDOU;AG4006405;Email;dsi.evc-comores@telma.mg;Active;2694006405
NADHOIMATI;AG4006409;Email;dsi.evc-comores@telma.mg;Active;2694006409
HAIDAABDALLAH;AG4010055;Email;dsi.evc-comores@telma.mg;Active;2694010055
ECOLEDEPECHE1;AG4008303;Email;dsi.evc-comores@telma.mg;Active;2694008303
ANFAYTAAHAMADI;AG4013886;Email;dsi.evc-comores@telma.mg;Active;2694013886
EPPWANANI;ME4012198;Email;dsi.evc-comores@telma.mg;Active;2694012198
EPPCHINDINI;ME4009929;Email;dsi.evc-comores@telma.mg;Active;2694009929
BEDJAMHOUSSINE;AG4012093;Email;dsi.evc-comores@telma.mg;Active;2694012093
SOULAIMANAMOHAMEDMALIDE;AG4010290;Email;dsi.evc-comores@telma.mg;Active;2694010290
ANIMATEURMVOLA;AG4013049;Email;dsi.evc-comores@telma.mg;Active;2694013049
FAISSOILALIMLINDE;TS4013027;Email;dsi.evc-comores@telma.mg;Active;2694013027
ABOUBENALI;AG4004784;Email;dsi.evc-comores@telma.mg;Active;2694004784
ECHATISOULA70;AG4004931;Email;dsi.evc-comores@telma.mg;Active;2694004931
HALIDIBACAR1;TS4003496;Email;dsi.evc-comores@telma.mg;Active;2694003496
ELAMINEABDOU02;AG4004906;Email;dsi.evc-comores@telma.mg;Active;2694004906
RobotKaptivatePC;ME4016823;Email;DSI.Comores@telma.km;Active;2694016823
IDRISSEISMAEL;AG4005002;Email;dsi.evc-comores@telma.mg;Active;2694005002
MERLINEMOHAMED;AG4005883;Email;dsi.evc-comores@telma.mg;Active;2694005883
WARDISAIDABDILLAH;ME4012908;Email;dsi.evc-comores@telma.mg;Active;2694012908
ANLIDAMAOUYA;AG4011077;Email;dsi.evc-comores@telma.mg;Active;2694011077
DALILAIBRAHIM;AG4010879;Email;dsi.evc-comores@telma.mg;Active;2694010879
ECHATAALIMSA1;AG4009849;Email;dsi.evc-comores@telma.mg;Active;2694009849
WANASCONCERT1;ME4015653;Email;dsi.evc-comores@telma.mg;Active;2694015653
FAISSOILMOHAMEDOMAR;AG4009131;Email;dsi.evc-comores@telma.mg;Active;2694009131
MAHAMOUDABOUBACAR;AG4006401;Email;dsi.evc-comores@telma.mg;Active;2694006401
INCHATIATTOUMANI;AG4007030;Email;dsi.evc-comores@telma.mg;Active;2694007030
ABDOULWAHIDASSIAT;AG4010408;Email;dsi.evc-comores@telma.mg;Active;2694010408
SAYAMEABDOU;AG4005821;Email;dsi.evc-comores@telma.mg;Active;2694005821
TSVOLOVOLO401;AG4010075;Email;dsi.evc-comores@telma.mg;Active;2694010075
TSFOUMBOUNI400;AG4009392;Email;dsi.evc-comores@telma.mg;Active;2694009392
TSMITSAMIOULI4;AG4009394;Email;dsi.evc-comores@telma.mg;Active;2694009394
TSCALTEX400;AG4009396;Email;dsi.evc-comores@telma.mg;Active;2694009396
ALIMOHAMEDMED;AG4008213;Email;dsi.evc-comores@telma.mg;Active;2694008213
NAELKARIMANLINZA;AG4005831;Email;dsi.evc-comores@telma.mg;Active;2694005831
DAROUECHNASSUHA;AG4012810;Email;dsi.evc-comores@telma.mg;Active;2694012810
SAIDAHAMADA;AG4009171;Email;dsi.evc-comores@telma.mg;Active;2694009171
CHAKIRAABDOU;AG4006121;Email;dsi.evc-comores@telma.mg;Active;2694006121
NISSAYABDALLAHHOUMADI;AG4009133;Email;dsi.evc-comores@telma.mg;Active;2694009133
SAIDALLAOUIOUMMOKOULOUTHOUMI;AG4000633;Email;dsi.evc-comores@telma.mg;Active;2694000633
MOHAMEDAHAMED;AG4007648;Email;dsi.evc-comores@telma.mg;Active;2694007648
RATIBATIBACAR;AG4008329;Email;dsi.evc-comores@telma.mg;Active;2694008329
FAISSOILIBOURHANI;AG4006324;Email;dsi.evc-comores@telma.mg;Active;2694006324
AMINEABDALLAH;AG4008793;Email;dsi.evc-comores@telma.mg;Active;2694008793
ANRAFAABDOU;AG4006825;Email;dsi.evc-comores@telma.mg;Active;2694006825
MOUZDINEHASSANE;AG4008404;Email;dsi.evc-comores@telma.mg;Active;2694008404
AHMEDANISSAANI;AG4005475;Email;dsi.evc-comores@telma.mg;Active;2694005475
ZALFATDAOUDOU;AG4005364;Email;dsi.evc-comores@telma.mg;Active;2694005364
THAOURATIAHMED;AG4006558;Email;dsi.evc-comores@telma.mg;Active;2694006558
ALIMSAIDIERADHUIA04;AG4013504;Email;dsi.evc-comores@telma.mg;Active;2694013504
NAZOIRIHADJIRA80;AG4005180;Email;dsi.evc-comores@telma.mg;Active;2694005180
ILIASSAMMADIIDJIHADI;AG4006727;Email;dsi.evc-comores@telma.mg;Active;2694006727
ANSOIRDAROUECH60;AG4011760;Email;dsi.evc-comores@telma.mg;Active;2694011760
FARSYABENALISALIM;AG4011361;Email;dsi.evc-comores@telma.mg;Active;2694011361
BUVETTECOCOJEANINE;ME4012922;Email;dsi.evc-comores@telma.mg;Active;2694012922
SAIDMATURAFIOUSSENI;AG4013980;Email;dsi.evc-comores@telma.mg;Active;2694013980
ISSAYOUSSOUF7;AG4015650;Email;dsi.evc-comores@telma.mg;Active;2694015650
FREELANCER2;AG4015645;Email;dsi.evc-comores@telma.mg;Active;2694015645
TRURUMAECHA;ME4015708;Email;dsi.evc-comores@telma.mg;Active;2694015708
ANCHIFIKAYOUSSOUF;AG4015856;Email;dsi.evc-comores@telma.mg;Active;2694015856
ANISSATIALIABDALLAH01;AG4005976;Email;dsi.evc-comores@telma.mg;Active;2694005976
TADJOUINEAMBOUDI;TS4013636;Email;dsi.evc-comores@telma.mg;Active;2694013636
YOUSSOUFHASSANEYOUSSOUF;AG4010774;Email;dsi.evc-comores@telma.mg;Active;2694010774
NEEMAHAMZANEEMA;AG4006162;Email;dsi.evc-comores@telma.mg;Active;2694006162
ANKOUBMIRADJIMMADI;AG4011807;Email;dsi.evc-comores@telma.mg;Active;2694011807
DALIDATIBRAHIM;AG4010611;Email;dsi.evc-comores@telma.mg;Active;2694010611
IDIMOHAMEDADAM;AG4006169;Email;dsi.evc-comores@telma.mg;Active;2694006169
SOIDROUABDALLAH;AG4011826;Email;dsi.evc-comores@telma.mg;Active;2694011826
NATALIAAHMED;AG4013913;Email;dsi.evc-comores@telma.mg;Active;2694013913
SALIMOUANSUFATA52;AG4006952;Email;dsi.evc-comores@telma.mg;Active;2694006952
ALIMLINDE44;AG4007244;Email;dsi.evc-comores@telma.mg;Active;2694007244
SEFDINEMCHANGAMASEF;AG4011906;Email;dsi.evc-comores@telma.mg;Active;2694011906
PCSHOPAEROPORT;ME4012946;Email;dsi.evc-comores@telma.mg;Active;2694012946
ABDALLAHCHADILI;AG4006852;Email;dsi.evc-comores@telma.mg;Active;2694006852
ZaoudjatiAbdou;AG4012011;Email;dsi.evc-comores@telma.mg;Active;2694012011
NASSERABDOUNA;AG4004733;Email;dsi.evc-comores@telma.mg;Active;2694004733
KARDIBENHAMADA;AG4010203;Email;dsi.evc-comores@telma.mg;Active;2694010203
DHOURIAMAABADIAHAMADA79;AG4013084;Email;dsi.evc-comores@telma.mg;Active;2694013084
FAIZAABDOULANZIZ91;AG4004313;Email;dsi.evc-comores@telma.mg;Active;2694004313
NADIABOURAHIM83;AG4009380;Email;dsi.evc-comores@telma.mg;Active;2694009380
NATHRACHEIKAHMED;AG4004884;Email;dsi.evc-comores@telma.mg;Active;2694004884
MARIAMAHAMIDOU83;AG4003493;Email;dsi.evc-comores@telma.mg;Active;2694003493
DAOUDBACAR75;AG4004894;Email;dsi.evc-comores@telma.mg;Active;2694004894
FRANCHISEDZAHANITSIDJE;ME4013446;Email;dsi.evc-comores@telma.mg;Active;2694013446
MOHAMEDSOULEZAHARA;AG4011810;Email;dsi.evc-comores@telma.mg;Active;2694011810
ANFOUYINIATHOUMANIANFOU;AG4012771;Email;dsi.evc-comores@telma.mg;Active;2694012771
ANTURIYAMSAANTURIYA;AG4007432;Email;dsi.evc-comores@telma.mg;Active;2694007432
KARIMHALIMKARIM;AG4006547;Email;dsi.evc-comores@telma.mg;Active;2694006547
SALIMRIDJALISALIM;AG4008830;Email;dsi.evc-comores@telma.mg;Active;2694008830
HASSANATIAHMEDBENALI;AG4010853;Email;dsi.evc-comores@telma.mg;Active;2694010853
IBRAHIMHAMADAYOUSSOUF;AG4006723;Email;dsi.evc-comores@telma.mg;Active;2694006723
ZAINATIHAITHOUZAINA;AG4011813;Email;dsi.evc-comores@telma.mg;Active;2694011813
IBRAHIMALIHOUMADI01;AG4012701;Email;dsi.evc-comores@telma.mg;Active;2694012701
BOURHANEHAMID11;AG4005611;Email;dsi.evc-comores@telma.mg;Active;2694005611
ABDELAZIZMCHANGAMA94;AG4005194;Email;dsi.evc-comores@telma.mg;Active;2694005194
MOHAMEDKARIBUSANATI3;AG4013483;Email;dsi.evc-comores@telma.mg;Active;2694013483
AHMEDHALIDI;AG4007368;Email;dsi.evc-comores@telma.mg;Active;2694007368
TOILAENTIANSOYA;AG4013491;Email;dsi.evc-comores@telma.mg;Active;2694013491
TADJOUMOUHAMADI;AG4006423;Email;dsi.evc-comores@telma.mg;Active;2694006423
ANTICATYMOHAMED;AG4013492;Email;dsi.evc-comores@telma.mg;Active;2694013492
MOUSSEMBOUATTOUMANI;AG4013933;Email;dsi.evc-comores@telma.mg;Active;2694013933
ALICHARIFOUMRATI;AG4005888;Email;dsi.evc-comores@telma.mg;Active;2694005888
SAIDAHMEDCHARIF34;AG4005734;Email;dsi.evc-comores@telma.mg;Active;2694005734
ASSOCIATIONMASJIDSOIFA;ME4013004;Email;dsi.evc-comores@telma.mg;Active;2694013004
MOCAFE;ME4012924;Email;dsi.evc-comores@telma.mg;Active;2694012924
DAROUECHEYASSINE;TS4010215;Email;dsi.evc-comores@telma.mg;Active;2694010215
FATIMADAOUD6;AG4004737;Email;dsi.evc-comores@telma.mg;Active;2694004737
FAZDASAID89;AG4004967;Email;dsi.evc-comores@telma.mg;Active;2694004967
FATIMAOUSSENI01;AG4004824;Email;dsi.evc-comores@telma.mg;Active;2694004824
AHMEDYSSOUF;AG4004837;Email;dsi.evc-comores@telma.mg;Active;2694004837
YASSERNAOUIROU;AG4004749;Email;dsi.evc-comores@telma.mg;Active;2694004749
NOUROUABDILLAH;AG4004966;Email;dsi.evc-comores@telma.mg;Active;2694004966
MOHAMEDCHEIKH1;AG4013965;Email;dsi.evc-comores@telma.mg;Active;2694013965
FAINAABDOU1;AG4013966;Email;dsi.evc-comores@telma.mg;Active;2694013966
HAMADAMMADIASSAD1;ME4004619;Email;dsi.evc-comores@telma.mg;Active;2694004619
KAZOUNEASSOUMANI;AG4004601;Email;dsi.evc-comores@telma.mg;Active;2694004601
STATIONBOZAMI2;AG4011973;Email;dsi.evc-comores@telma.mg;Active;2694011973
KADAFIALI;AG4007724;Email;dsi.evc-comores@telma.mg;Active;2694007724
MOUSSAMBAEASSOUMANI;TS4012525;Email;dsi.evc-comores@telma.mg;Active;2694012525
POINTDEVENTE999;AG4015634;Email;dsi.evc-comores@telma.mg;Active;2694015634
POINTDEVENTE2222;AG4015774;Email;dsi.evc-comores@telma.mg;Active;2694015774
FAHADMOHAMEDSAID;AG4004574;Email;dsi.evc-comores@telma.mg;Active;2694004574
HAMADAMMADIASSAD2;AG4011965;Email;dsi.evc-comores@telma.mg;Active;2694011965
AssiandiBenAli;AG4004909;Email;dsi.evc-comores@telma.mg;Active;2694004909
ABDOULHAKIMYOUSSOUFMOINDZE;AG4004547;Email;dsi.evc-comores@telma.mg;Active;2694004547
LAYIMEAHMEDMOHAMED;TS4004090;Email;dsi.evc-comores@telma.mg;Active;2694004090
MOUSTOIFAALI1;AG4004328;Email;dsi.evc-comores@telma.mg;Active;2694004328
INTERFACEPROD2;ME4012975;Email;dsi.evc-comores@telma.mg;Active;2694012975
INTERFACEPROD3;ME4011970;Email;dsi.evc-comores@telma.mg;Active;2694011970
ABDILLAHCHOUBAYAN;AG4004256;Email;dsi.evc-comores@telma.mg;Active;2694004256
CHAMSIDINEAHMED;AG4004506;Email;dsi.evc-comores@telma.mg;Active;2694004506
BOINAMZENASSURIAT;AG4015558;Email;dsi.evc-comores@telma.mg;Active;2694015558
INCHATIATTOUMANI5;AG4004323;Email;dsi.evc-comores@telma.mg;Active;2694004323
FREELANCEUR9;AG4015638;Email;dsi.evc-comores@telma.mg;Active;2694015638
FREELANCERAN12;AG4004361;Email;dsi.evc-comores@telma.mg;Active;2694004361
FREELANCER19;AG4004354;Email;dsi.evc-comores@telma.mg;Active;2694004354
Pointdevente1;AG4015544;Email;dsi.evc-comores@telma.mg;Active;2694015544
TESTDSI;AG4009700;Email;abdouroihamane.goulame@telma.km;Active;2694009700
HARIAHAMIDOU1;AG4015586;Email;dsi.evc-comores@telma.mg;Active;2694015586
SAIDNASSURBAKARISOILIHI;AG4005052;Email;dsi.evc-comores@telma.mg;Active;2694005052
MILDAYOUSSOUF;AG4004262;Email;dsi.evc-comores@telma.mg;Active;2694004262
REHEMADAOUD;AG4004522;Email;dsi.evc-comores@telma.mg;Active;2694004522
MikidarIsmaela;AG4004518;Email;dsi.evc-comores@telma.mg;Active;2694004518
DJAIDA;AG4004512;Email;dsi.evc-comores@telma.mg;Active;2694004512
MVOLA;AG4015726;Email;dsi.evc-comores@telma.mg;Active;2694015726
POINTDEVENTE33;AG4015670;Email;dsi.evc-comores@telma.mg;Active;2694015670
MAHAMOUDNOUHOU;AG4004495;Email;dsi.evc-comores@telma.mg;Active;2694004495
ECOLEPRIMAIREPANGAHARIMOIMOI;ME4013857;Email;dsi.evc-comores@telma.mg;Active;2694013857
SAIDMOUHDOIRBAKARI;AG4013939;Email;dsi.evc-comores@telma.mg;Active;2694013939
MATURAFIABDILLAHMAHAMOUD;AG4012063;Email;dsi.evc-comores@telma.mg;Active;2694012063
HADHURAAHMEDMOUHOUDINI;AG4013676;Email;dsi.evc-comores@telma.mg;Active;2694013676
SAIDSOILIHIZAKI;AG4011964;Email;dsi.evc-comores@telma.mg;Active;2694011964
MAENFOUOUSSENIBACO;AG4004803;Email;dsi.evc-comores@telma.mg;Active;2694004803
ZAIDANEAHAMADIREZIDANE;AG4004810;Email;dsi.evc-comores@telma.mg;Active;2694004810
PAPATOUTSERVICESARL;ME4013033;Email;dsi.evc-comores@telma.mg;Active;2694013033
SAIDAHMED68;AG4003440;Email;dsi.evc-comores@telma.mg;Active;2694003440
ASSANEBOURASAIDOMAR;AG4005929;Email;dsi.evc-comores@telma.mg;Active;2694005929
ALICOMBOMOUSTAKIMA;AG4004896;Email;dsi.evc-comores@telma.mg;Active;2694004896
HASSANIAHAMADAABOUDOU;AG4004882;Email;dsi.evc-comores@telma.mg;Active;2694004882
LOUKMANEDARKAOUI;AG4004872;Email;dsi.evc-comores@telma.mg;Active;2694004872
FATIMAALISAIDOU;AG4009846;Email;dsi.evc-comores@telma.mg;Active;2694009846
TOILHATIABDOU96;ME4009709;Email;dsi.evc-comores@telma.mg;Active;2694009709
FATOUMASOILIHI76;AG4004480;Email;dsi.evc-comores@telma.mg;Active;2694004480
TESTTEST;ME4004670;Email;dsi.evc-comores@telma.mg;Active;2694004670
AMERDINEASSOUMANI01;AG4004609;Email;dsi.evc-comores@telma.mg;Active;2694004609
PMTEST01;AG4004534;Email;dsi.evc-comores@telma.mg;Active;2694004534
ROUTBATEHAMADI1;AG4015530;Email;dsi.evc-comores@telma.mg;Active;2694015530
RAMLAABDALLAH1;AG4015537;Email;dsi.evc-comores@telma.mg;Active;2694015537
MAISNMODERNECONSTRUITE1;ME4012120;Email;dsi.evc-comores@telma.mg;Active;2694012120
DJAMALAHAMADDJOUMOI;AG4004708;Email;dsi.evc-comores@telma.mg;Active;2694004708
MOHAMEDABSOIRMED;AG4006070;Email;dsi.evc-comores@telma.mg;Active;2694006070
LAVAGEAUTOETSNACK;ME4013992;Email;dsi.evc-comores@telma.mg;Active;2694013992
TEAMLEADERIBRAHIM;ME4012999;Email;dsi.evc-comores@telma.mg;Active;2694012999
BOUTIQUEHOUSSAM;ME4012933;Email;dsi.evc-comores@telma.mg;Active;2694012933
EPICERIEFAYADHU;ME4012934;Email;dsi.evc-comores@telma.mg;Active;2694012934
RESTAURAIONPOISSONDESILESCOMORES;ME4012935;Email;dsi.evc-comores@telma.mg;Active;2694012935
ANLOUIWARITHOUADANI;AG4006086;Email;dsi.evc-comores@telma.mg;Active;2694006086
DJAMILMOHAMEDSAID;ME4012949;Email;dsi.evc-comores@telma.mg;Active;2694012949
ANRIFAMOHAMED;ME4012090;Email;dsi.evc-comores@telma.mg;Active;2694012090
ABDALLAHTOIOUILOU;AG4013945;Email;dsi.evc-comores@telma.mg;Active;2694013945
ZAHARAALHAYATCREATION;ME4013050;Email;dsi.evc-comores@telma.mg;Active;2694013050
MISBAHOUALIMOUIGNI;AG4009698;Email;dsi.evc-comores@telma.mg;Active;2694009698
FOURAHIAMIHIDJAHI;AG4010080;Email;dsi.evc-comores@telma.mg;Active;2694010080
ZAMERYOUSSOUF;AG4005905;Email;dsi.evc-comores@telma.mg;Active;2694005905
NAIMBOURHANE;AG4012072;Email;dsi.evc-comores@telma.mg;Active;2694012072
UNDROWACOMORI;ME4012973;Email;dsi.evc-comores@telma.mg;Active;2694012973
MAECHAESPOIRMKAZI;ME4012974;Email;dsi.evc-comores@telma.mg;Active;2694012974
IBNASHOSES;ME4013038;Email;dsi.evc-comores@telma.mg;Active;2694013038
RECYCLART;ME4013039;Email;dsi.evc-comores@telma.mg;Active;2694013039
BAZAR;ME4013040;Email;dsi.evc-comores@telma.mg;Active;2694013040
NADHOIMHASSANI91;ME4012672;Email;dsi.evc-comores@telma.mg;Active;2694012672
DHOULKAOUSAID1;TS4013941;Email;dsi.evc-comores@telma.mg;Active;2694013941
NASSURYOUSSOUF84;AG4011876;Email;dsi.evc-comores@telma.mg;Active;2694011876
SALIMAMOKADEM;AG4013856;Email;dsi.evc-comores@telma.mg;Active;2694013856
SAIDAHMEDMTSAHOI;ME4012667;Email;dsi.evc-comores@telma.mg;Active;2694012667
MARIAMAAHAMADA84;AG4009730;Email;dsi.evc-comores@telma.mg;Active;2694009730
ALIHOUMADI57;AG4004877;Email;dsi.evc-comores@telma.mg;Active;2694004877
MOINAECHAHASSANI02;AG4009818;Email;dsi.evc-comores@telma.mg;Active;2694009818
FATIMAOUSSENI03;AG4004796;Email;dsi.evc-comores@telma.mg;Active;2694004796
KAMTOINEAHMED;AG4004369;Email;dsi.evc-comores@telma.mg;Active;2694004369
SaandaAhamed;AG4004294;Email;dsi.evc-comores@telma.mg;Active;2694004294
SOEUFOUDINEAHAMADA1;AG4011993;Email;dsi.evc-comores@telma.mg;Active;2694011993
MOURIMOUDOUFAHAD;ME4012666;Email;dsi.evc-comores@telma.mg;Active;2694012666
MOUSTAKIMAHAMADA;AG4013074;Email;dsi.evc-comores@telma.mg;Active;2694013074
LAILINABACAR95;ME4013032;Email;dsi.evc-comores@telma.mg;Active;2694013032
HOUSNATIHALIDI89;AG4004787;Email;dsi.evc-comores@telma.mg;Active;2694004787
Mlozaconstruction;ME4009828;Email;dsi.evc-comores@telma.mg;Active;2694009828
HAMADIZALHATA98;AG4009791;Email;dsi.evc-comores@telma.mg;Active;2694009791
MOINAHERIALI92;AG4009834;Email;dsi.evc-comores@telma.mg;Active;2694009834
FARAHATIYOUSSOUFSAIDOU;AG4009774;Email;dsi.evc-comores@telma.mg;Active;2694009774
NOURDAABDOUABDALLAH;AG4004774;Email;dsi.evc-comores@telma.mg;Active;2694004774
AMNAAHMEDALI;AG4004832;Email;dsi.evc-comores@telma.mg;Active;2694004832
ZAINOUDINEAHAMADA;AG4004584;Email;dsi.evc-comores@telma.mg;Active;2694004584
AHMEDBACAR1;AG4004272;Email;dsi.evc-comores@telma.mg;Active;2694004272
HADIDJAIBRAHIMNGAZI;AG4004573;Email;dsi.evc-comores@telma.mg;Active;2694004573
ECBSSARL;ME4011282;Email;dsi.evc-comores@telma.mg;Active;2694011282
HAMADAMMADIASSAD;ME4004268;Email;dsi.evc-comores@telma.mg;Active;2694004268
ANFIFAMOHAMED;AG4004533;Email;dsi.evc-comores@telma.mg;Active;2694004533
ZAINABAMCHANGAMA;AG4004595;Email;dsi.evc-comores@telma.mg;Active;2694004595
FOIRENATIONALEMADEINCOMOROS;ME4004952;Email;dsi.evc-comores@telma.mg;Active;2694004952
MAISSARAAHAMADA;AG4004579;Email;dsi.evc-comores@telma.mg;Active;2694004579
NADJMASAIDMMADI;AG4004707;Email;dsi.evc-comores@telma.mg;Active;2694004707
MMADIYOUSSOUF80;AG4012608;Email;dsi.evc-comores@telma.mg;Active;2694012608
FRANCHISEKALYPTUS;ME4013021;Email;dsi.evc-comores@telma.mg;Active;2694013021
MARIAMAASSOUMANI;AG4003444;Email;dsi.evc-comores@telma.mg;Active;2694003444
TOUHOUFAMMADI93;AG4013062;Email;dsi.evc-comores@telma.mg;Active;2694013062
ZELDAALITOIHIR;AG4003442;Email;dsi.evc-comores@telma.mg;Active;2694003442
ABDOUARFATA1;AG4004530;Email;dsi.evc-comores@telma.mg;Active;2694004530
ZALHATAMAOULIDA1;AG4004585;Email;dsi.evc-comores@telma.mg;Active;2694004585
BABOUSAALAMAART;ME4004697;Email;dsi.evc-comores@telma.mg;Active;2694004697
MOHAMEDAHMEDSALIM;AG4004515;Email;dsi.evc-comores@telma.mg;Active;2694004515
IBRAHIMALI2;AG4011969;Email;dsi.evc-comores@telma.mg;Active;2694011969
ITERFACEPROD1;ME4013041;Email;dsi.evc-comores@telma.mg;Active;2694013041
MOHAMEDIALI1;AG4004371;Email;dsi.evc-comores@telma.mg;Active;2694004371
INTERFACEPROD5;ME4011854;Email;dsi.evc-comores@telma.mg;Active;2694011854
SOULAIMANADAOUDOU;AG4004505;Email;dsi.evc-comores@telma.mg;Active;2694004505
ABDOULELANZIZMCHANGAMA;AG4004606;Email;dsi.evc-comores@telma.mg;Active;2694004606
SALMATABOURHANE;AG4004778;Email;dsi.evc-comores@telma.mg;Active;2694004778
HAMZADHUYAOU;AG4004711;Email;dsi.evc-comores@telma.mg;Active;2694004711
FARTIMAMMADI1;AG4004673;Email;dsi.evc-comores@telma.mg;Active;2694004673
ABDOUSOUMAILA;AG4004508;Email;dsi.evc-comores@telma.mg;Active;2694004508
MOHAMEDYOUSSOUF1;AG4010791;Email;dsi.evc-comores@telma.mg;Active;2694010791
RADHUYAATTOUMANE;AG4004638;Email;dsi.evc-comores@telma.mg;Active;2694004638
HAMIDOUNEAHMED;AG4004823;Email;dsi.evc-comores@telma.mg;Active;2694004823
MOUSDIKOUDINENIDHOIRE;AG4007366;Email;dsi.evc-comores@telma.mg;Active;2694007366
ANRIFDINEABACAR;AG4004996;Email;dsi.evc-comores@telma.mg;Active;2694004996
AMINASAIDMOHAMED1;AG4004747;Email;dsi.evc-comores@telma.mg;Active;2694004747
RACHIMAMALIDE01;AG4004771;Email;dsi.evc-comores@telma.mg;Active;2694004771
ABDOULHALIFACHARIFMOUSSA;AG4004611;Email;dsi.evc-comores@telma.mg;Active;2694004611
RZ4004194;RZ4004194;Email;dsi.evc-comores@telma.mg;Active;2694004194
FATHYMOUHSINE;AG4006448;Email;dsi.evc-comores@telma.mg;Active;2694006448
DJOUMOIIDJABOUMROIVILI;AG4006203;Email;dsi.evc-comores@telma.mg;Active;2694006203
DJOULAYEMLAMALIDJOULAYE;AG4006111;Email;dsi.evc-comores@telma.mg;Active;2694006111
ROUKIAMMADIYOUSSOUF;AG4013125;Email;dsi.evc-comores@telma.mg;Active;2694013125
HOULIATIANASSEHAMIDOUNI;AG4006570;Email;dsi.evc-comores@telma.mg;Active;2694006570
ZAMOUENTIMOHAMEDZAMOUENTI;AG4008335;Email;dsi.evc-comores@telma.mg;Active;2694008335
MISKIOUSSENIMISKI;AG4012700;Email;dsi.evc-comores@telma.mg;Active;2694012700
ZAINOUDINELAGUERA;AG4013451;Email;dsi.evc-comores@telma.mg;Active;2694013451
BACORACHIDPC;ME4012950;Email;dsi.evc-comores@telma.mg;Active;2694012950
RASSOULDINEFAHARI;AG4005509;Email;dsi.evc-comores@telma.mg;Active;2694005509
OMARYMADOUDINE;AG4009974;Email;dsi.evc-comores@telma.mg;Active;2694009974
FREELANCERTOUHOUFA;AG4012051;Email;dsi.evc-comores@telma.mg;Active;2694012051
FREELANCERABTOIHIA;AG4012057;Email;dsi.evc-comores@telma.mg;Active;2694012057
FREELANCERDJALOUDINE;AG4012098;Email;dsi.evc-comores@telma.mg;Active;2694012098
faroukomar;AG4004496;Email;dsi.evc-comores@telma.mg;Active;2694004496
FOUADVOYAGE;AG4012656;Email;dsi.evc-comores@telma.mg;Active;2694012656
AHMEDABDOU3;AG4012023;Email;dsi.evc-comores@telma.mg;Active;2694012023
HADIDJAKAAMBI01;AG4004734;Email;dsi.evc-comores@telma.mg;Active;2694004734
ACHRAFIAZHAR1;AG4013013;Email;dsi.evc-comores@telma.mg;Active;2694013013
EZZATAHAMADIIBRAHIM;AG4004919;Email;dsi.evc-comores@telma.mg;Active;2694004919
POINTDEVENTE1111;AG4004671;Email;dsi.evc-comores@telma.mg;Active;2694004671
MHADJOUTACHIRIFA;AG4013071;Email;dsi.evc-comores@telma.mg;Active;2694013071
ABACARAHAMED;AG4004993;Email;dsi.evc-comores@telma.mg;Active;2694004993
ANCHATILMOHOUDHOIR;AG4013970;Email;dsi.evc-comores@telma.mg;Active;2694013970
ANRDHOINEHOUMADI;AG4013972;Email;dsi.evc-comores@telma.mg;Active;2694013972
RASMINEMOHAMED;AG4004618;Email;dsi.evc-comores@telma.mg;Active;2694004618
ELHADJIHOUMADI;AG4004953;Email;dsi.evc-comores@telma.mg;Active;2694004953
MOIDJOUMOIDJAMBAE;AG4004622;Email;dsi.evc-comores@telma.mg;Active;2694004622
IBRAHIMMMADI1;AG4004582;Email;dsi.evc-comores@telma.mg;Active;2694004582
SOULDINEABDOU;AG4004920;Email;dsi.evc-comores@telma.mg;Active;2694004920
NOURDINESAID1;AG4004273;Email;dsi.evc-comores@telma.mg;Active;2694004273
TAANCHOUROIABOUBACAR;AG4004503;Email;dsi.evc-comores@telma.mg;Active;2694004503
THAMNOUEABDALLAH;AG4004274;Email;dsi.evc-comores@telma.mg;Active;2694004274
CHARIFAMAHAMOUD1;AG4004337;Email;dsi.evc-comores@telma.mg;Active;2694004337
HICHAMDAFINE89;AG4011889;Email;dsi.evc-comores@telma.mg;Active;2694011889
LoulouRadjeche;AG4013942;Email;dsi.evc-comores@telma.mg;Active;2694013942
MOHAMEDYOUSSOUF88;AG4011888;Email;dsi.evc-comores@telma.mg;Active;2694011888
ZAINABAADJILANIMOHAMED;AG4007668;Email;dsi.evc-comores@telma.mg;Active;2694007668
RACHADALIDJAE53;AG4013853;Email;dsi.evc-comores@telma.mg;Active;2694013853
MOUTIOUMCOLO;AG4013852;Email;dsi.evc-comores@telma.mg;Active;2694013852
HASSANIMARIAMA44;AG4013244;Email;dsi.evc-comores@telma.mg;Active;2694013244
TADJIDINESOILIHIALI;AG4011908;Email;dsi.evc-comores@telma.mg;Active;2694011908
ANTUAISSOUFA;AG4007159;Email;dsi.evc-comores@telma.mg;Active;2694007159
MOUDHAMILOUSESSINA;AG4004892;Email;dsi.evc-comores@telma.mg;Active;2694004892
AHAMADASAID1;AG4007693;Email;dsi.evc-comores@telma.mg;Active;2694007693
AHMEDMSAIDIE;AG4003502;Email;dsi.evc-comores@telma.mg;Active;2694003502
MARIEABDOU;AG4004825;Email;dsi.evc-comores@telma.mg;Active;2694004825
TOIBRANEAHMED1;AG4004830;Email;dsi.evc-comores@telma.mg;Active;2694004830
PEDRODJONE;AG4004255;Email;dsi.evc-comores@telma.mg;Active;2694004255
MOUNIRAALIIBRAHIM;AG4004612;Email;dsi.evc-comores@telma.mg;Active;2694004612
RZ4004760;RZ4004760;Email;dsi.evc-comores@telma.mg;Active;2694004760
SEFDINEMCHANGAMA;ME4012978;Email;dsi.evc-comores@telma.mg;Active;2694012978
INFOWEBDIVERS;ME4012962;Email;dsi.evc-comores@telma.mg;Active;2694012962
MOUDAINAHAKIMABDOU;AG4012004;Email;dsi.evc-comores@telma.mg;Active;2694012004
OUMOURIMMILANEHASSANE;AG4007727;Email;dsi.evc-comores@telma.mg;Active;2694007727
YOUSSRAMOHAMEDMMADI;AG4009684;Email;dsi.evc-comores@telma.mg;Active;2694009684
BARAKASALIM;AG4004805;Email;dsi.evc-comores@telma.mg;Active;2694004805
ARTAOUISALIM;AG4004811;Email;dsi.evc-comores@telma.mg;Active;2694004811
SAANDIMZEHAMADI;AG4010648;Email;dsi.evc-comores@telma.mg;Active;2694010648
FRANCHISECORNERBICANJ;AG4013741;Email;dsi.evc-comores@telma.mg;Active;2694013741
ACHIHADABDALLAHMAHAMOUD;AG4007941;Email;dsi.evc-comores@telma.mg;Active;2694007941
ZAMILOUDINEABDOUBACAR;AG4008286;Email;dsi.evc-comores@telma.mg;Active;2694008286
KASSIMAHMED77;AG4013477;Email;dsi.evc-comores@telma.mg;Active;2694013477
IALYSYLVIEDESIRE;AG4009995;Email;dsi.evc-comores@telma.mg;Active;2694009995
YOUSSOUFALIMATOIRI;AG4007642;Email;dsi.evc-comores@telma.mg;Active;2694007642
FAYSSOILSOIBAHAMOHAMED;AG4005338;Email;dsi.evc-comores@telma.mg;Active;2694005338
MARIEMBAECHAMASSE;AG4005191;Email;dsi.evc-comores@telma.mg;Active;2694005191
MHADJOUMOHAMEDMHADJOU;AG4005037;Email;dsi.evc-comores@telma.mg;Active;2694005037
OUMAHATIAHAMADA1;AG4004687;Email;dsi.evc-comores@telma.mg;Active;2694004687
Pointdevente6;AG4015862;Email;dsi.evc-comores@telma.mg;Active;2694015862
Pointdevente9;AG4015864;Email;dsi.evc-comores@telma.mg;Active;2694015864
Pointdevente11;AG4015562;Email;dsi.evc-comores@telma.mg;Active;2694015562
FATOUMABACARSOILIHI;AG4009689;Email;dsi.evc-comores@telma.mg;Active;2694009689
FREELANCERNAZAD;AG4012060;Email;dsi.evc-comores@telma.mg;Active;2694012060
FREELANCERALIFADHULI;AG4012061;Email;dsi.evc-comores@telma.mg;Active;2694012061
FREELANCERBENAHMED;AG4012062;Email;dsi.evc-comores@telma.mg;Active;2694012062
BACARFARDATE41;AG4006541;Email;dsi.evc-comores@telma.mg;Active;2694006541
HASSANATIABDOULEMANE;AG4005207;Email;dsi.evc-comores@telma.mg;Active;2694005207
NASSUFMOINDJIE;AG4012010;Email;dsi.evc-comores@telma.mg;Active;2694012010
MATOIRIALIYOUSSOUF;AG4011948;Email;dsi.evc-comores@telma.mg;Active;2694011948
ANDJABIAHAMADA;AG4013884;Email;dsi.evc-comores@telma.mg;Active;2694013884
ISMAELABDALLAH02;AG4006402;Email;dsi.evc-comores@telma.mg;Active;2694006402
ANLIDAMAOUYA1;AG4013938;Email;dsi.evc-comores@telma.mg;Active;2694013938
SALMAAHMEDOUSSENI;AG4010254;Email;dsi.evc-comores@telma.mg;Active;2694010254
HOURAYAMOILIMOU;AG4003521;Email;dsi.evc-comores@telma.mg;Active;2694003521
MOHAMEDOMARSAID;AG4013974;Email;dsi.evc-comores@telma.mg;Active;2694013974
MOHAMEDFAYAD92;AG4003487;Email;dsi.evc-comores@telma.mg;Active;2694003487
KARNADJIDANI;AG4013864;Email;dsi.evc-comores@telma.mg;Active;2694013864
KASSIMKASTOILANE;AG4004922;Email;dsi.evc-comores@telma.mg;Active;2694004922
TACQUIDINESUBIRA;AG4004929;Email;dsi.evc-comores@telma.mg;Active;2694004929
MMADIBOINAIDI;AG4009734;Email;dsi.evc-comores@telma.mg;Active;2694009734
REHEMAAHAMADI1;AG4004847;Email;dsi.evc-comores@telma.mg;Active;2694004847
ANYADHUIARIDHOINE;AG4004271;Email;dsi.evc-comores@telma.mg;Active;2694004271
MERLINESOUMAILABENALI;AG4013967;Email;dsi.evc-comores@telma.mg;Active;2694013967
YOUSSOUFABDALLA;AG4004636;Email;dsi.evc-comores@telma.mg;Active;2694004636
SAIDINADAROUSSI;AG4004373;Email;dsi.evc-comores@telma.mg;Active;2694004373
HACHIMEMASSOUNDISOUFFOU;AG4004977;Email;dsi.evc-comores@telma.mg;Active;2694004977
CHAMSSIDINEANLIMZE;AG4004610;Email;dsi.evc-comores@telma.mg;Active;2694004610
CHAMSSIDINEANLIMZE1;AG4004563;Email;dsi.evc-comores@telma.mg;Active;2694004563
SOUDAISSEABDOU;AG4004701;Email;dsi.evc-comores@telma.mg;Active;2694004701
COMORESUSONMUSIK;ME4004699;Email;dsi.evc-comores@telma.mg;Active;2694004699
AHMEDMSAIDIE78;AG4003501;Email;dsi.evc-comores@telma.mg;Active;2694003501
INTERFACEPROD4;ME4011958;Email;dsi.evc-comores@telma.mg;Active;2694011958
MAISONMODERNECONSTRUITE;ME4013044;Email;dsi.evc-comores@telma.mg;Active;2694013044
MOHAMEDSAIDMMADI;AG4004531;Email;dsi.evc-comores@telma.mg;Active;2694004531
ADELAIDMSATOUMANI;AG4004425;Email;dsi.evc-comores@telma.mg;Active;2694004425
ANRAFAASSOUMANI;AG4004668;Email;dsi.evc-comores@telma.mg;Active;2694004668
ABDOULHAKIMTEMBEABDILLAH1;AG4004710;Email;dsi.evc-comores@telma.mg;Active;2694004710
SAMIRATOIOUILOU;AG4004647;Email;dsi.evc-comores@telma.mg;Active;2694004647
MOHAMEDMAOULIDA1;AG4013162;Email;dsi.evc-comores@telma.mg;Active;2694013162
HACHEMIBENABDOUHASSANE1;AG4004549;Email;dsi.evc-comores@telma.mg;Active;2694004549
DAROUSSEMUSSUBAHOU;AG4004359;Email;dsi.evc-comores@telma.mg;Active;2694004359
DAROUECHEAHAMEDDAROUECHE;AG4010705;Email;dsi.evc-comores@telma.mg;Active;2694010705
FRANCHISEDZAHANI;AG4013445;Email;dsi.evc-comores@telma.mg;Active;2694013445
YOUSSOUFIBOUROI;AG4006208;Email;dsi.evc-comores@telma.mg;Active;2694006208
RidhoineAttoumane;AG4005210;Email;dsi.evc-comores@telma.mg;Active;2694005210
SAIDNADIA;AG4013901;Email;dsi.evc-comores@telma.mg;Active;2694013901
SULTANZARKACHEBENATHOUMANIANLI;AG4010865;Email;dsi.evc-comores@telma.mg;Active;2694010865
ANRIFAALISAID;TS4004808;Email;dsi.evc-comores@telma.mg;Active;2694004808
DAMERDINEMOUHITHOU;AG4004781;Email;dsi.evc-comores@telma.mg;Active;2694004781
ALINISSOITI97;ME4012998;Email;dsi.evc-comores@telma.mg;Active;2694012998
ADAMDJINASSERBEN;AG4004828;Email;dsi.evc-comores@telma.mg;Active;2694004828
YOUMNAABDILAHI;AG4004963;Email;dsi.evc-comores@telma.mg;Active;2694004963
SOIFAOUDINEMKOUFOUNDI1;AG4009708;Email;dsi.evc-comores@telma.mg;Active;2694009708
HAFIDHOUPAPA;AG4011850;Email;dsi.evc-comores@telma.mg;Active;2694011850
DJAMALALI1;AG4011861;Email;dsi.evc-comores@telma.mg;Active;2694011861
SOILIHIALIMOHAMED1;AG4011857;Email;dsi.evc-comores@telma.mg;Active;2694011857
KALATHOUMISAIDALI;AG4011862;Email;dsi.evc-comores@telma.mg;Active;2694011862
ANRICHATIANLI1;AG4004834;Email;dsi.evc-comores@telma.mg;Active;2694004834
AMERDINEASSOUMANI;AG4006209;Email;dsi.evc-comores@telma.mg;Active;2694006209
RACHIDDJAFFAR;TS4011450;Email;dsi.evc-comores@telma.mg;Active;2694011450
NOURDINEABDALLAH43;AG4013943;Email;dsi.evc-comores@telma.mg;Active;2694013943
OUBEIDILLAHHASSANIABDOU01;AG4005591;Email;dsi.evc-comores@telma.mg;Active;2694005591
KARAMAZOUHAIR;AG4004964;Email;dsi.evc-comores@telma.mg;Active;2694004964
SOUMAYAISMAEL1;AG4009812;Email;dsi.evc-comores@telma.mg;Active;2694009812
TASLIMTHAANLABI;AG4004898;Email;dsi.evc-comores@telma.mg;Active;2694004898
NASSUFBACAR1;AG4004899;Email;dsi.evc-comores@telma.mg;Active;2694004899
MHADJOUSADJI;AG4009759;Email;dsi.evc-comores@telma.mg;Active;2694009759
TOILIHAABDOU;AG4004838;Email;dsi.evc-comores@telma.mg;Active;2694004838
FAHAMOEAHAMADA;AG4009762;Email;dsi.evc-comores@telma.mg;Active;2694009762
LINKRESTAURANT;ME4012952;Email;dsi.evc-comores@telma.mg;Active;2694012952
SANDATABDALLAHMASSONDE;AG4010052;Email;dsi.evc-comores@telma.mg;Active;2694010052
ZARNAMOHAMED01;AG4006865;Email;dsi.evc-comores@telma.mg;Active;2694006865
4003456;TS4003456;Email;adinani.maissam@telma.km;Active;2694003456
SOUNIYABENTABSSE;AG4006147;Email;dsi.evc-comores@telma.mg;Active;2694006147
FATIMAHAMADI80;AG4004870;Email;dsi.evc-comores@telma.mg;Active;2694004870
NADHIRASAID92;AG4011982;Email;dsi.evc-comores@telma.mg;Active;2694011982
MOUSSAAHAMADI1;AG4004891;Email;dsi.evc-comores@telma.mg;Active;2694004891
TOIRIKIKAMIL93;AG4011274;Email;dsi.evc-comores@telma.mg;Active;2694011274
ZAHARATAAHAMADA93;AG4009729;Email;dsi.evc-comores@telma.mg;Active;2694009729
IBRAHIMATTOUMANE;AG4004887;Email;dsi.evc-comores@telma.mg;Active;2694004887
MOHAMEDMOUSSAANASSI;AG4004867;Email;dsi.evc-comores@telma.mg;Active;2694004867
BARAKACREATION;ME4009705;Email;dsi.evc-comores@telma.mg;Active;2694009705
ISSOUFIHOUMADIOILI1;AG4004943;Email;dsi.evc-comores@telma.mg;Active;2694004943
NAFAHATIMADIHOUMADJI;AG4010159;Email;dsi.evc-comores@telma.mg;Active;2694010159
HALIMAABDOU1;AG4004982;Email;dsi.evc-comores@telma.mg;Active;2694004982
MOUDJITABAOMAR;AG4004948;Email;dsi.evc-comores@telma.mg;Active;2694004948
FAYHANESAISMOJHAMED;AG4004721;Email;dsi.evc-comores@telma.mg;Active;2694004721
ABOUHARIAIBRAHIM1;AG4004603;Email;dsi.evc-comores@telma.mg;Active;2694004603
ZAKIAABDOULLATUF1;AG4004297;Email;dsi.evc-comores@telma.mg;Active;2694004297
BACARBENAHMED;AG4004479;Email;dsi.evc-comores@telma.mg;Active;2694004479
MAHAMOUDATHOUMANI;AG4009707;Email;dsi.evc-comores@telma.mg;Active;2694009707
NASSRATMOHAMED;AG4011868;Email;dsi.evc-comores@telma.mg;Active;2694011868
ISMAELSOIFAOI;AG4004857;Email;dsi.evc-comores@telma.mg;Active;2694004857
MOUNIRAHAMADI;AG4004840;Email;dsi.evc-comores@telma.mg;Active;2694004840
ABDILLAH;AG4004565;Email;dsi.evc-comores@telma.mg;Active;2694004565
MARIAMAALISOILIHI01;AG4015742;Email;dsi.evc-comores@telma.mg;Active;2694015742
POINTDEVENTE90;AG4013536;Email;dsi.evc-comores@telma.mg;Active;2694013536
IBRAHIMSAADICHIONI;TS4012526;Email;dsi.evc-comores@telma.mg;Active;2694012526
CHEIKHSALIMMOHAMED;AG4006812;Email;dsi.evc-comores@telma.mg;Active;2694006812
IBRAHIMALIIBRAHIM;AG4010605;Email;dsi.evc-comores@telma.mg;Active;2694010605
YOUSSOUFALIMATOIRI38;AG4010638;Email;dsi.evc-comores@telma.mg;Active;2694010638
IBRAHIMINCHATY;AG4008446;Email;dsi.evc-comores@telma.mg;Active;2694008446
FREELANCEURNASRAT;AG4013988;Email;dsi.evc-comores@telma.mg;Active;2694013988
FREELANCEURKOUDHOUENTI;AG4013986;Email;dsi.evc-comores@telma.mg;Active;2694013986
ZAKIASAIDOMAR;AG4012054;Email;dsi.evc-comores@telma.mg;Active;2694012054
FREELANCERALISAIDM;AG4012066;Email;dsi.evc-comores@telma.mg;Active;2694012066
FREELANCERDJOUMOI;AG4012094;Email;dsi.evc-comores@telma.mg;Active;2694012094
OUMADILAMIA;AG4013891;Email;dsi.evc-comores@telma.mg;Active;2694013891
ANRIFATIAHMEDCHADHULI;AG4008505;Email;dsi.evc-comores@telma.mg;Active;2694008505
DAROUCHEYASSINE01;ME4010271;Email;dsi.evc-comores@telma.mg;Active;2694010271
SALIMAAHMED93;AG4010256;Email;dsi.evc-comores@telma.mg;Active;2694010256
ABSOIRALI1;AG4003459;Email;dsi.evc-comores@telma.mg;Active;2694003459
FRANCHISENIOUMACHIOI;ME4011270;Email;dsi.evc-comores@telma.mg;Active;2694011270
SAOUMIDINEABDOU98;AG4006848;Email;dsi.evc-comores@telma.mg;Active;2694006848
HAMIDATSALIM73;AG4008473;Email;dsi.evc-comores@telma.mg;Active;2694008473
ROUTBATEHAMADI;AG4010823;Email;dsi.evc-comores@telma.mg;Active;2694010823
MOINAECHAHASSANI1;AG4015534;Email;dsi.evc-comores@telma.mg;Active;2694015534
ROUKIATNASSUR;AG4004629;Email;dsi.evc-comores@telma.mg;Active;2694004629
ABDERMANEBOINAALI;AG4010752;Email;dsi.evc-comores@telma.mg;Active;2694010752
NASSUIRMBAE;AG4012028;Email;dsi.evc-comores@telma.mg;Active;2694012028
MOHAMEDAHMEDNADHIRATI;AG4009685;Email;dsi.evc-comores@telma.mg;Active;2694009685
ASSOUMANICHADIAMJ;AG4011999;Email;dsi.evc-comores@telma.mg;Active;2694011999
FREELANCERABDOURAOUF;AG4012058;Email;dsi.evc-comores@telma.mg;Active;2694012058
TOUHOUFAMMADI;AG4012076;Email;dsi.evc-comores@telma.mg;Active;2694012076
FREELANCERASNAH;AG4012069;Email;dsi.evc-comores@telma.mg;Active;2694012069
FREELANCERAHAMEDNAF;AG4012096;Email;dsi.evc-comores@telma.mg;Active;2694012096
FREELANCERROUKIAAH;AG4012097;Email;dsi.evc-comores@telma.mg;Active;2694012097
CHAFYATALIMBARAKA;AG4010319;Email;dsi.evc-comores@telma.mg;Active;2694010319
NADHOIRIBRAHIMALI;ME4013020;Email;dsi.evc-comores@telma.mg;Active;2694013020
ZAIDYOUSSOUF;AG4012993;Email;dsi.evc-comores@telma.mg;Active;2694012993
ROUKIAMOHAMED91;AG4013892;Email;dsi.evc-comores@telma.mg;Active;2694013892
ABANITAIBOUROI;AG4012049;Email;dsi.evc-comores@telma.mg;Active;2694012049
ABDALLAHCHAEHOIALI;AG4012033;Email;dsi.evc-comores@telma.mg;Active;2694012033
HADHURAFASSUHOU;AG4013855;Email;dsi.evc-comores@telma.mg;Active;2694013855
DANISALIM2;AG4011880;Email;dsi.evc-comores@telma.mg;Active;2694011880
IBRAHIMALAITHATI;AG4011961;Email;dsi.evc-comores@telma.mg;Active;2694011961
FARIZAANTISAID97;AG4004743;Email;dsi.evc-comores@telma.mg;Active;2694004743
CHAMSIAAHMED;AG4011374;Email;dsi.evc-comores@telma.mg;Active;2694011374
BINTIMAOUDJOUDI;AG4010187;Email;dsi.evc-comores@telma.mg;Active;2694010187
MOURAD;AG4013643;Email;dsi.evc-comores@telma.mg;Active;2694013643
RZ4004161;RZ4004161;Email;dsi.evc-comores@telma.mg;Active;2694004161
ARCHAD1;AG4012301;Email;dsi.evc-comores@telma.mg;Active;2694012301
SAIDHAMIDI;TS4012329;Email;dsi.evc-comores@telma.mg;Active;2694012329
GRS4003468;GRS4003468;Email;dsi.evc-comores@telma.mg;Active;2694003468
L4004761;L4004761;Email;dsi.evc-comores@telma.mg;Active;2694004761
HANIAALLAOUI;AG4011139;Email;dsi.evc-comores@telma.mg;Active;2694011139
FAIDATIMATCHERO;AG4004541;Email;dsi.evc-comores@telma.mg;Active;2694004541
HALIMAHOUMADI1;AG4004627;Email;dsi.evc-comores@telma.mg;Active;2694004627
RACHIDDJAFFAR1;TS4010483;Email;dsi.evc-comores@telma.mg;Active;2694010483
ELUSEHOUMADI;AG4004566;Email;dsi.evc-comores@telma.mg;Active;2694004566
ATTOUMANEHOUMADI1;AG4004326;Email;dsi.evc-comores@telma.mg;Active;2694004326
FATOUMADAMIR1;AG4004543;Email;dsi.evc-comores@telma.mg;Active;2694004543
L4004184;L4004184;Email;dsi.evc-comores@telma.mg;Active;2694004184
MOHAMEDMONANDROMOHAMED;AG4006094;Email;dsi.evc-comores@telma.mg;Active;2694006094
ABDOUCHAKOURIMAMOU01;AG4015686;Email;dsi.evc-comores@telma.mg;Active;2694015686
MOUZOULATIAHAMED;AG4004436;Email;dsi.evc-comores@telma.mg;Active;2694004436
POINTDEVENTE500;AG4015871;Email;dsi.evc-comores@telma.mg;Active;2694015871
ALIMOHAMED01;AG4015877;Email;dsi.evc-comores@telma.mg;Active;2694015877
SALIMSOIBAHA01;AG4015916;Email;dsi.evc-comores@telma.mg;Active;2694015916
ELARIFMDAHOMA01;AG4015702;Email;dsi.evc-comores@telma.mg;Active;2694015702
POINTDEVENTE56;AG4015951;Email;dsi.evc-comores@telma.mg;Active;2694015951
AMRIADEDAHILOUNE01;AG4004509;Email;dsi.evc-comores@telma.mg;Active;2694004509
HACHIMIAMOHAMED01;AG4015771;Email;dsi.evc-comores@telma.mg;Active;2694015771
BOINAHASSANI1;AG4004689;Email;dsi.evc-comores@telma.mg;Active;2694004689
BDC1;AG4010357;Email;Abdouroihamane.Goulame@telma.km;Active;2694010357
YNZATIAHMED;AG4015904;Email;dsi.evc-comores@telma.mg;Active;2694015904
SOIBNATBOUSTOINE01;AG4011285;Email;dsi.evc-comores@telma.mg;Active;2694011285
EXIMBANKRECHARGE;AG4010359;Email;Financekm@eximbank-km.com;Active;2694010359
POINTDEVENTE00078;ME4011765;Email;dsi.evc-comores@telma.mg;Active;2694011765
SAWIYATISOUFOU;AG4004353;Email;dsi.evc-comores@telma.mg;Active;2694004353
Pointdevente;AG4015649;Email;dsi.evc-comores@telma.mg;Active;2694015649
AHAMEDATTOUMANI;AG4004374;Email;dsi.evc-comores@telma.mg;Active;2694004374
SAKINAAHAMADA1;AG4004665;Email;dsi.evc-comores@telma.mg;Active;2694004665
DJOUMOUENTISOUNIHADJI;AG4004945;Email;dsi.evc-comores@telma.mg;Active;2694004945
POINTDEVENTE58;AG4015631;Email;dsi.evc-comores@telma.mg;Active;2694015631
POINTDEVENT98;AG4015662;Email;dsi.evc-comores@telma.mg;Active;2694015662
POINTDEVENTE801;AG4015663;Email;dsi.evc-comores@telma.mg;Active;2694015663
RHHOLDCO;EN4014194;Email;ahamada.koudra@yas.km;Active;2694014194
DHOIMOUROITIMAANFOU1;AG4013550;Email;dsi.evc-comores@telma.mg;Active;2694013550
AMBDOURAOUFALIDJAE;AG4004663;Email;dsi.evc-comores@telma.mg;Active;2694004663
SAMIMYOUSSOUF;AG4004705;Email;dsi.evc-comores@telma.mg;Active;2694004705
PDVSIM0;AG4015674;Email;dsi.evc-comores@telma.mg;Active;2694015674
PCBAECPRO;ME4015999;Email;dsi.evc-comores@telma.mg;Active;2694015999
YOUSSOUFMLATAMOU01;AG4015541;Email;dsi.evc-comores@telma.mg;Active;2694015541
Papatoutservice;EN4004860;Email;dsi.evc-comores@telma.mg;Active;2694004860
MLANOAMINA01;AG4015620;Email;dsi.evc-comores@telma.mg;Active;2694015620
PREPAYNATION;AG4010354;Email;mdilig@prepaynation.com;Active;2694010354
FAHARIABOINABILAL01;AG4015630;Email;dsi.evc-comores@telma.mg;Active;2694015630
YOUSSOUFSAIDMBAE01;AG4015707;Email;dsi.evc-comores@telma.mg;Active;2694015707
ComoresenLigne1;AG4010352;Email;contact@comores-en-ligne.fr;Active;2694010352
ABOULHAIRIMOHAMED;AG4004521;Email;dsi.evc-comores@telma.mg;Active;2694004521
DhoihardaAhamadi;AG4004333;Email;dsi.evc-comores@telma.mg;Active;2694004333
FREELANCERAN21;AG4004376;Email;dsi.evc-comores@telma.mg;Active;2694004376
HAFEDHEAZHARIR01;AG4004507;Email;dsi.evc-comores@telma.mg;Active;2694004507
AMBEDELROIBIAHMED01;AG4015704;Email;dsi.evc-comores@telma.mg;Active;2694015704
MOINDJOUMOIMZEMOUIGNI;AG4004572;Email;dsi.evc-comores@telma.mg;Active;2694004572
POINTDEVENTE7777;AG4015775;Email;dsi.evc-comores@telma.mg;Active;2694015775
POINTDEVENTES111;AG4015273;Email;dsi.evc-comores@telma.mg;Active;2694015273
MOINDJOUMOIMZE01;AG4004553;Email;dsi.evc-comores@telma.mg;Active;2694004553
AHMEDNASSUR01;AG4015735;Email;dsi.evc-comores@telma.mg;Active;2694015735
